--------------------------------------------------------
--  File created - Friday-March-31-2017   
--------------------------------------------------------
DROP TABLE "TRMSDB"."ALTERED_REIMBURSEMENTS" cascade constraints;
DROP TABLE "TRMSDB"."APPROVALS" cascade constraints;
DROP TABLE "TRMSDB"."APPROVAL_STATUS" cascade constraints;
DROP TABLE "TRMSDB"."DEPARTMENT" cascade constraints;
DROP TABLE "TRMSDB"."EMPLOYEES" cascade constraints;
DROP TABLE "TRMSDB"."EVENT_TYPE" cascade constraints;
DROP TABLE "TRMSDB"."GRADE_FORMAT" cascade constraints;
DROP TABLE "TRMSDB"."LOGS" cascade constraints;
DROP TABLE "TRMSDB"."LOG_LEVEL" cascade constraints;
DROP TABLE "TRMSDB"."MESSAGE_ATTACHMENTS" cascade constraints;
DROP TABLE "TRMSDB"."REIMBURSEMENTS" cascade constraints;
DROP TABLE "TRMSDB"."REIMBURSEMENT_ATTACHMENTS" cascade constraints;
DROP TABLE "TRMSDB"."REIMBURSEMENT_ATTACHMENT_TYPE" cascade constraints;
DROP TABLE "TRMSDB"."REIMBURSEMENT_GRADES" cascade constraints;
DROP TABLE "TRMSDB"."REIMBURSEMENT_MESSAGES" cascade constraints;
DROP TABLE "TRMSDB"."REIMBURSEMENT_STATUS" cascade constraints;
DROP TABLE "TRMSDB"."ROLE" cascade constraints;
DROP TABLE "TRMSDB"."URGENT_REIMBURSEMENTS" cascade constraints;
DROP SEQUENCE "TRMSDB"."SEQUENCE_APPROVALS_ID";
DROP SEQUENCE "TRMSDB"."SEQUENCE_APPROVAL_STATUS_ID";
DROP SEQUENCE "TRMSDB"."SEQUENCE_DEPARTMENT_ID";
DROP SEQUENCE "TRMSDB"."SEQUENCE_EMPLOYEES_ID";
DROP SEQUENCE "TRMSDB"."SEQUENCE_EVENT_TYPE_ID";
DROP SEQUENCE "TRMSDB"."SEQUENCE_GRADE_FORMAT_ID";
DROP SEQUENCE "TRMSDB"."SEQUENCE_LOGS_ID";
DROP SEQUENCE "TRMSDB"."SEQUENCE_LOG_LEVEL_ID";
DROP SEQUENCE "TRMSDB"."SEQUENCE_REIMBURSEMENTS_ID";
DROP SEQUENCE "TRMSDB"."SEQUENCE_ROLE_ID";
DROP SEQUENCE "TRMSDB"."SEQ_APPROVALS_ID";
DROP SEQUENCE "TRMSDB"."SEQ_APPROVAL_STATUS_ID";
DROP SEQUENCE "TRMSDB"."SEQ_DEPARTMENT_ID";
DROP SEQUENCE "TRMSDB"."SEQ_EMP_ID";
DROP SEQUENCE "TRMSDB"."SEQ_EVENT_TYPE_ID";
DROP SEQUENCE "TRMSDB"."SEQ_GRADE_FORMAT_ID";
DROP SEQUENCE "TRMSDB"."SEQ_LOGS_ID";
DROP SEQUENCE "TRMSDB"."SEQ_LOG_LEVEL_ID";
DROP SEQUENCE "TRMSDB"."SEQ_REIM_ATTACH_ID";
DROP SEQUENCE "TRMSDB"."SEQ_REIM_ATTACH_TYPE_ID";
DROP SEQUENCE "TRMSDB"."SEQ_REIM_GRADES_ID";
DROP SEQUENCE "TRMSDB"."SEQ_REIM_ID";
DROP SEQUENCE "TRMSDB"."SEQ_REIM_MESSAGES_ID";
DROP SEQUENCE "TRMSDB"."SEQ_REIM_MESSAGE_ATTACH_ID";
DROP SEQUENCE "TRMSDB"."SEQ_REIM_MSG_ATTACH_ID";
DROP SEQUENCE "TRMSDB"."SEQ_REIM_STATUS_ID";
DROP SEQUENCE "TRMSDB"."SEQ_ROLE_ID";
DROP PROCEDURE "TRMSDB"."INSERT_THEN_PEND_APPROVAL_IF";
--------------------------------------------------------
--  DDL for Table ALTERED_REIMBURSEMENTS
--------------------------------------------------------

  CREATE TABLE "TRMSDB"."ALTERED_REIMBURSEMENTS" 
   (	"REIMBURSEMENT_ID" NUMBER, 
	"ADJUSTED_REIMBURSEMENT" NUMBER, 
	"EXCEEDS_AVAILABLE_FUNDS" NUMBER, 
	"REASON" VARCHAR2(400 BYTE)
   ) SEGMENT CREATION IMMEDIATE 
  PCTFREE 10 PCTUSED 40 INITRANS 1 MAXTRANS 255 NOCOMPRESS LOGGING
  STORAGE(INITIAL 65536 NEXT 1048576 MINEXTENTS 1 MAXEXTENTS 2147483645
  PCTINCREASE 0 FREELISTS 1 FREELIST GROUPS 1 BUFFER_POOL DEFAULT FLASH_CACHE DEFAULT CELL_FLASH_CACHE DEFAULT)
  TABLESPACE "SYSTEM" ;
--------------------------------------------------------
--  DDL for Table APPROVALS
--------------------------------------------------------

  CREATE TABLE "TRMSDB"."APPROVALS" 
   (	"ID" NUMBER, 
	"APPROVAL_STATUS_ID" NUMBER, 
	"REIMBURSEMENT_ID" NUMBER, 
	"APPROVER_ID" NUMBER, 
	"DATETIMECREATED" DATE DEFAULT sysdate, 
	"REASON" VARCHAR2(400 BYTE)
   ) SEGMENT CREATION IMMEDIATE 
  PCTFREE 10 PCTUSED 40 INITRANS 1 MAXTRANS 255 NOCOMPRESS LOGGING
  STORAGE(INITIAL 65536 NEXT 1048576 MINEXTENTS 1 MAXEXTENTS 2147483645
  PCTINCREASE 0 FREELISTS 1 FREELIST GROUPS 1 BUFFER_POOL DEFAULT FLASH_CACHE DEFAULT CELL_FLASH_CACHE DEFAULT)
  TABLESPACE "SYSTEM" ;
--------------------------------------------------------
--  DDL for Table APPROVAL_STATUS
--------------------------------------------------------

  CREATE TABLE "TRMSDB"."APPROVAL_STATUS" 
   (	"ID" NUMBER, 
	"APPROVAL_STATUS" VARCHAR2(40 BYTE)
   ) SEGMENT CREATION IMMEDIATE 
  PCTFREE 10 PCTUSED 40 INITRANS 1 MAXTRANS 255 NOCOMPRESS LOGGING
  STORAGE(INITIAL 65536 NEXT 1048576 MINEXTENTS 1 MAXEXTENTS 2147483645
  PCTINCREASE 0 FREELISTS 1 FREELIST GROUPS 1 BUFFER_POOL DEFAULT FLASH_CACHE DEFAULT CELL_FLASH_CACHE DEFAULT)
  TABLESPACE "SYSTEM" ;
--------------------------------------------------------
--  DDL for Table DEPARTMENT
--------------------------------------------------------

  CREATE TABLE "TRMSDB"."DEPARTMENT" 
   (	"ID" NUMBER, 
	"DEPARTMENT" VARCHAR2(40 BYTE)
   ) SEGMENT CREATION IMMEDIATE 
  PCTFREE 10 PCTUSED 40 INITRANS 1 MAXTRANS 255 NOCOMPRESS LOGGING
  STORAGE(INITIAL 65536 NEXT 1048576 MINEXTENTS 1 MAXEXTENTS 2147483645
  PCTINCREASE 0 FREELISTS 1 FREELIST GROUPS 1 BUFFER_POOL DEFAULT FLASH_CACHE DEFAULT CELL_FLASH_CACHE DEFAULT)
  TABLESPACE "SYSTEM" ;
--------------------------------------------------------
--  DDL for Table EMPLOYEES
--------------------------------------------------------

  CREATE TABLE "TRMSDB"."EMPLOYEES" 
   (	"ID" NUMBER, 
	"USERNAME" VARCHAR2(40 BYTE), 
	"password" VARCHAR2(40 BYTE), 
	"EMAIL" VARCHAR2(40 BYTE), 
	"FIRST_NAME" VARCHAR2(40 BYTE), 
	"LAST_NAME" VARCHAR2(40 BYTE), 
	"ROLE_ID" NUMBER, 
	"SUPERVISOR_ID" NUMBER, 
	"DEPARTMENT_ID" NUMBER
   ) SEGMENT CREATION IMMEDIATE 
  PCTFREE 10 PCTUSED 40 INITRANS 1 MAXTRANS 255 NOCOMPRESS LOGGING
  STORAGE(INITIAL 65536 NEXT 1048576 MINEXTENTS 1 MAXEXTENTS 2147483645
  PCTINCREASE 0 FREELISTS 1 FREELIST GROUPS 1 BUFFER_POOL DEFAULT FLASH_CACHE DEFAULT CELL_FLASH_CACHE DEFAULT)
  TABLESPACE "SYSTEM" ;
--------------------------------------------------------
--  DDL for Table EVENT_TYPE
--------------------------------------------------------

  CREATE TABLE "TRMSDB"."EVENT_TYPE" 
   (	"ID" NUMBER, 
	"EVENT_TYPE" VARCHAR2(40 BYTE), 
	"COVERAGE_PERCENTAGE" NUMBER
   ) SEGMENT CREATION IMMEDIATE 
  PCTFREE 10 PCTUSED 40 INITRANS 1 MAXTRANS 255 NOCOMPRESS LOGGING
  STORAGE(INITIAL 65536 NEXT 1048576 MINEXTENTS 1 MAXEXTENTS 2147483645
  PCTINCREASE 0 FREELISTS 1 FREELIST GROUPS 1 BUFFER_POOL DEFAULT FLASH_CACHE DEFAULT CELL_FLASH_CACHE DEFAULT)
  TABLESPACE "SYSTEM" ;
--------------------------------------------------------
--  DDL for Table GRADE_FORMAT
--------------------------------------------------------

  CREATE TABLE "TRMSDB"."GRADE_FORMAT" 
   (	"ID" NUMBER, 
	"GRADES" VARCHAR2(400 BYTE), 
	"PASSING_GRADE" VARCHAR2(40 BYTE)
   ) SEGMENT CREATION IMMEDIATE 
  PCTFREE 10 PCTUSED 40 INITRANS 1 MAXTRANS 255 NOCOMPRESS LOGGING
  STORAGE(INITIAL 65536 NEXT 1048576 MINEXTENTS 1 MAXEXTENTS 2147483645
  PCTINCREASE 0 FREELISTS 1 FREELIST GROUPS 1 BUFFER_POOL DEFAULT FLASH_CACHE DEFAULT CELL_FLASH_CACHE DEFAULT)
  TABLESPACE "SYSTEM" ;
--------------------------------------------------------
--  DDL for Table LOGS
--------------------------------------------------------

  CREATE TABLE "TRMSDB"."LOGS" 
   (	"ID" NUMBER, 
	"LOG_LEVEL_ID" NUMBER, 
	"DATETIMECREATED" DATE, 
	"MESSAGE" VARCHAR2(400 BYTE)
   ) SEGMENT CREATION IMMEDIATE 
  PCTFREE 10 PCTUSED 40 INITRANS 1 MAXTRANS 255 NOCOMPRESS LOGGING
  STORAGE(INITIAL 65536 NEXT 1048576 MINEXTENTS 1 MAXEXTENTS 2147483645
  PCTINCREASE 0 FREELISTS 1 FREELIST GROUPS 1 BUFFER_POOL DEFAULT FLASH_CACHE DEFAULT CELL_FLASH_CACHE DEFAULT)
  TABLESPACE "SYSTEM" ;
--------------------------------------------------------
--  DDL for Table LOG_LEVEL
--------------------------------------------------------

  CREATE TABLE "TRMSDB"."LOG_LEVEL" 
   (	"ID" NUMBER, 
	"LOG_LEVEL" VARCHAR2(40 BYTE)
   ) SEGMENT CREATION IMMEDIATE 
  PCTFREE 10 PCTUSED 40 INITRANS 1 MAXTRANS 255 NOCOMPRESS LOGGING
  STORAGE(INITIAL 65536 NEXT 1048576 MINEXTENTS 1 MAXEXTENTS 2147483645
  PCTINCREASE 0 FREELISTS 1 FREELIST GROUPS 1 BUFFER_POOL DEFAULT FLASH_CACHE DEFAULT CELL_FLASH_CACHE DEFAULT)
  TABLESPACE "SYSTEM" ;
--------------------------------------------------------
--  DDL for Table MESSAGE_ATTACHMENTS
--------------------------------------------------------

  CREATE TABLE "TRMSDB"."MESSAGE_ATTACHMENTS" 
   (	"ID" NUMBER, 
	"MESSAGE_ID" NUMBER, 
	"URL" VARCHAR2(2000 BYTE)
   ) SEGMENT CREATION IMMEDIATE 
  PCTFREE 10 PCTUSED 40 INITRANS 1 MAXTRANS 255 NOCOMPRESS LOGGING
  STORAGE(INITIAL 65536 NEXT 1048576 MINEXTENTS 1 MAXEXTENTS 2147483645
  PCTINCREASE 0 FREELISTS 1 FREELIST GROUPS 1 BUFFER_POOL DEFAULT FLASH_CACHE DEFAULT CELL_FLASH_CACHE DEFAULT)
  TABLESPACE "SYSTEM" ;
--------------------------------------------------------
--  DDL for Table REIMBURSEMENTS
--------------------------------------------------------

  CREATE TABLE "TRMSDB"."REIMBURSEMENTS" 
   (	"ID" NUMBER, 
	"EMPLOYEE_ID" NUMBER, 
	"STATUS_ID" NUMBER, 
	"EVENT_TYPE_ID" NUMBER, 
	"GRADE_FORMAT_ID" NUMBER, 
	"GRADE_ID" NUMBER, 
	"START_DATETIME" DATE, 
	"END_DATETIME" DATE, 
	"DESCRIPTION" VARCHAR2(400 BYTE), 
	"JUSTIFICATION" VARCHAR2(400 BYTE), 
	"LOCATION" VARCHAR2(400 BYTE), 
	"COST" NUMBER, 
	"WORKTIME_TO_BE_MISSED" VARCHAR2(400 BYTE), 
	"DATETIMECREATED" DATE DEFAULT sysdate
   ) SEGMENT CREATION IMMEDIATE 
  PCTFREE 10 PCTUSED 40 INITRANS 1 MAXTRANS 255 NOCOMPRESS LOGGING
  STORAGE(INITIAL 65536 NEXT 1048576 MINEXTENTS 1 MAXEXTENTS 2147483645
  PCTINCREASE 0 FREELISTS 1 FREELIST GROUPS 1 BUFFER_POOL DEFAULT FLASH_CACHE DEFAULT CELL_FLASH_CACHE DEFAULT)
  TABLESPACE "SYSTEM" ;
--------------------------------------------------------
--  DDL for Table REIMBURSEMENT_ATTACHMENTS
--------------------------------------------------------

  CREATE TABLE "TRMSDB"."REIMBURSEMENT_ATTACHMENTS" 
   (	"ID" NUMBER, 
	"REIMBURSEMENT_ID" NUMBER, 
	"ATTACHMENT_TYPE_ID" NUMBER, 
	"URL" VARCHAR2(2000 BYTE)
   ) SEGMENT CREATION IMMEDIATE 
  PCTFREE 10 PCTUSED 40 INITRANS 1 MAXTRANS 255 NOCOMPRESS LOGGING
  STORAGE(INITIAL 65536 NEXT 1048576 MINEXTENTS 1 MAXEXTENTS 2147483645
  PCTINCREASE 0 FREELISTS 1 FREELIST GROUPS 1 BUFFER_POOL DEFAULT FLASH_CACHE DEFAULT CELL_FLASH_CACHE DEFAULT)
  TABLESPACE "SYSTEM" ;
--------------------------------------------------------
--  DDL for Table REIMBURSEMENT_ATTACHMENT_TYPE
--------------------------------------------------------

  CREATE TABLE "TRMSDB"."REIMBURSEMENT_ATTACHMENT_TYPE" 
   (	"ID" NUMBER, 
	"ATTACHMENT_TYPE" VARCHAR2(40 BYTE)
   ) SEGMENT CREATION IMMEDIATE 
  PCTFREE 10 PCTUSED 40 INITRANS 1 MAXTRANS 255 NOCOMPRESS LOGGING
  STORAGE(INITIAL 65536 NEXT 1048576 MINEXTENTS 1 MAXEXTENTS 2147483645
  PCTINCREASE 0 FREELISTS 1 FREELIST GROUPS 1 BUFFER_POOL DEFAULT FLASH_CACHE DEFAULT CELL_FLASH_CACHE DEFAULT)
  TABLESPACE "SYSTEM" ;
--------------------------------------------------------
--  DDL for Table REIMBURSEMENT_GRADES
--------------------------------------------------------

  CREATE TABLE "TRMSDB"."REIMBURSEMENT_GRADES" 
   (	"ID" NUMBER, 
	"REIMBURSEMENT_ID" NUMBER, 
	"GRADE" VARCHAR2(40 BYTE)
   ) SEGMENT CREATION IMMEDIATE 
  PCTFREE 10 PCTUSED 40 INITRANS 1 MAXTRANS 255 NOCOMPRESS LOGGING
  STORAGE(INITIAL 65536 NEXT 1048576 MINEXTENTS 1 MAXEXTENTS 2147483645
  PCTINCREASE 0 FREELISTS 1 FREELIST GROUPS 1 BUFFER_POOL DEFAULT FLASH_CACHE DEFAULT CELL_FLASH_CACHE DEFAULT)
  TABLESPACE "SYSTEM" ;
--------------------------------------------------------
--  DDL for Table REIMBURSEMENT_MESSAGES
--------------------------------------------------------

  CREATE TABLE "TRMSDB"."REIMBURSEMENT_MESSAGES" 
   (	"ID" NUMBER, 
	"REIMBURSEMENT_ID" NUMBER, 
	"PREVIOUS_MESSAGE_ID" NUMBER, 
	"SENDER_ID" NUMBER, 
	"RECEIVER_ID" NUMBER, 
	"MESSAGE" VARCHAR2(400 BYTE)
   ) SEGMENT CREATION IMMEDIATE 
  PCTFREE 10 PCTUSED 40 INITRANS 1 MAXTRANS 255 NOCOMPRESS LOGGING
  STORAGE(INITIAL 65536 NEXT 1048576 MINEXTENTS 1 MAXEXTENTS 2147483645
  PCTINCREASE 0 FREELISTS 1 FREELIST GROUPS 1 BUFFER_POOL DEFAULT FLASH_CACHE DEFAULT CELL_FLASH_CACHE DEFAULT)
  TABLESPACE "SYSTEM" ;
--------------------------------------------------------
--  DDL for Table REIMBURSEMENT_STATUS
--------------------------------------------------------

  CREATE TABLE "TRMSDB"."REIMBURSEMENT_STATUS" 
   (	"ID" NUMBER, 
	"REIMBURSEMENT_STATUS" VARCHAR2(40 BYTE)
   ) SEGMENT CREATION IMMEDIATE 
  PCTFREE 10 PCTUSED 40 INITRANS 1 MAXTRANS 255 NOCOMPRESS LOGGING
  STORAGE(INITIAL 65536 NEXT 1048576 MINEXTENTS 1 MAXEXTENTS 2147483645
  PCTINCREASE 0 FREELISTS 1 FREELIST GROUPS 1 BUFFER_POOL DEFAULT FLASH_CACHE DEFAULT CELL_FLASH_CACHE DEFAULT)
  TABLESPACE "SYSTEM" ;
--------------------------------------------------------
--  DDL for Table ROLE
--------------------------------------------------------

  CREATE TABLE "TRMSDB"."ROLE" 
   (	"ID" NUMBER, 
	"ROLE" VARCHAR2(40 BYTE)
   ) SEGMENT CREATION IMMEDIATE 
  PCTFREE 10 PCTUSED 40 INITRANS 1 MAXTRANS 255 NOCOMPRESS LOGGING
  STORAGE(INITIAL 65536 NEXT 1048576 MINEXTENTS 1 MAXEXTENTS 2147483645
  PCTINCREASE 0 FREELISTS 1 FREELIST GROUPS 1 BUFFER_POOL DEFAULT FLASH_CACHE DEFAULT CELL_FLASH_CACHE DEFAULT)
  TABLESPACE "SYSTEM" ;
--------------------------------------------------------
--  DDL for Table URGENT_REIMBURSEMENTS
--------------------------------------------------------

  CREATE TABLE "TRMSDB"."URGENT_REIMBURSEMENTS" 
   (	"REIMBURSEMENT_ID" NUMBER
   ) SEGMENT CREATION IMMEDIATE 
  PCTFREE 10 PCTUSED 40 INITRANS 1 MAXTRANS 255 NOCOMPRESS LOGGING
  STORAGE(INITIAL 65536 NEXT 1048576 MINEXTENTS 1 MAXEXTENTS 2147483645
  PCTINCREASE 0 FREELISTS 1 FREELIST GROUPS 1 BUFFER_POOL DEFAULT FLASH_CACHE DEFAULT CELL_FLASH_CACHE DEFAULT)
  TABLESPACE "SYSTEM" ;
--------------------------------------------------------
--  DDL for Sequence SEQUENCE_APPROVALS_ID
--------------------------------------------------------

   CREATE SEQUENCE  "TRMSDB"."SEQUENCE_APPROVALS_ID"  MINVALUE 1 MAXVALUE 9999999999999999999999999999 INCREMENT BY 1 START WITH 21 CACHE 20 NOORDER  NOCYCLE ;
--------------------------------------------------------
--  DDL for Sequence SEQUENCE_APPROVAL_STATUS_ID
--------------------------------------------------------

   CREATE SEQUENCE  "TRMSDB"."SEQUENCE_APPROVAL_STATUS_ID"  MINVALUE 1 MAXVALUE 9999999999999999999999999999 INCREMENT BY 1 START WITH 21 CACHE 20 NOORDER  NOCYCLE ;
--------------------------------------------------------
--  DDL for Sequence SEQUENCE_DEPARTMENT_ID
--------------------------------------------------------

   CREATE SEQUENCE  "TRMSDB"."SEQUENCE_DEPARTMENT_ID"  MINVALUE 1 MAXVALUE 9999999999999999999999999999 INCREMENT BY 1 START WITH 21 CACHE 20 NOORDER  NOCYCLE ;
--------------------------------------------------------
--  DDL for Sequence SEQUENCE_EMPLOYEES_ID
--------------------------------------------------------

   CREATE SEQUENCE  "TRMSDB"."SEQUENCE_EMPLOYEES_ID"  MINVALUE 1 MAXVALUE 9999999999999999999999999999 INCREMENT BY 1 START WITH 61 CACHE 20 NOORDER  NOCYCLE ;
--------------------------------------------------------
--  DDL for Sequence SEQUENCE_EVENT_TYPE_ID
--------------------------------------------------------

   CREATE SEQUENCE  "TRMSDB"."SEQUENCE_EVENT_TYPE_ID"  MINVALUE 1 MAXVALUE 9999999999999999999999999999 INCREMENT BY 1 START WITH 21 CACHE 20 NOORDER  NOCYCLE ;
--------------------------------------------------------
--  DDL for Sequence SEQUENCE_GRADE_FORMAT_ID
--------------------------------------------------------

   CREATE SEQUENCE  "TRMSDB"."SEQUENCE_GRADE_FORMAT_ID"  MINVALUE 1 MAXVALUE 9999999999999999999999999999 INCREMENT BY 1 START WITH 21 CACHE 20 NOORDER  NOCYCLE ;
--------------------------------------------------------
--  DDL for Sequence SEQUENCE_LOGS_ID
--------------------------------------------------------

   CREATE SEQUENCE  "TRMSDB"."SEQUENCE_LOGS_ID"  MINVALUE 1 MAXVALUE 9999999999999999999999999999 INCREMENT BY 1 START WITH 1 CACHE 20 NOORDER  NOCYCLE ;
--------------------------------------------------------
--  DDL for Sequence SEQUENCE_LOG_LEVEL_ID
--------------------------------------------------------

   CREATE SEQUENCE  "TRMSDB"."SEQUENCE_LOG_LEVEL_ID"  MINVALUE 1 MAXVALUE 9999999999999999999999999999 INCREMENT BY 1 START WITH 21 CACHE 20 NOORDER  NOCYCLE ;
--------------------------------------------------------
--  DDL for Sequence SEQUENCE_REIMBURSEMENTS_ID
--------------------------------------------------------

   CREATE SEQUENCE  "TRMSDB"."SEQUENCE_REIMBURSEMENTS_ID"  MINVALUE 1 MAXVALUE 9999999999999999999999999999 INCREMENT BY 1 START WITH 41 CACHE 20 NOORDER  NOCYCLE ;
--------------------------------------------------------
--  DDL for Sequence SEQUENCE_ROLE_ID
--------------------------------------------------------

   CREATE SEQUENCE  "TRMSDB"."SEQUENCE_ROLE_ID"  MINVALUE 1 MAXVALUE 9999999999999999999999999999 INCREMENT BY 1 START WITH 21 CACHE 20 NOORDER  NOCYCLE ;
--------------------------------------------------------
--  DDL for Sequence SEQ_APPROVALS_ID
--------------------------------------------------------

   CREATE SEQUENCE  "TRMSDB"."SEQ_APPROVALS_ID"  MINVALUE 1 MAXVALUE 9999999999999999999999999999 INCREMENT BY 1 START WITH 21 CACHE 20 NOORDER  NOCYCLE ;
--------------------------------------------------------
--  DDL for Sequence SEQ_APPROVAL_STATUS_ID
--------------------------------------------------------

   CREATE SEQUENCE  "TRMSDB"."SEQ_APPROVAL_STATUS_ID"  MINVALUE 1 MAXVALUE 9999999999999999999999999999 INCREMENT BY 1 START WITH 21 CACHE 20 NOORDER  NOCYCLE ;
--------------------------------------------------------
--  DDL for Sequence SEQ_DEPARTMENT_ID
--------------------------------------------------------

   CREATE SEQUENCE  "TRMSDB"."SEQ_DEPARTMENT_ID"  MINVALUE 1 MAXVALUE 9999999999999999999999999999 INCREMENT BY 1 START WITH 21 CACHE 20 NOORDER  NOCYCLE ;
--------------------------------------------------------
--  DDL for Sequence SEQ_EMP_ID
--------------------------------------------------------

   CREATE SEQUENCE  "TRMSDB"."SEQ_EMP_ID"  MINVALUE 1 MAXVALUE 9999999999999999999999999999 INCREMENT BY 1 START WITH 61 CACHE 20 NOORDER  NOCYCLE ;
--------------------------------------------------------
--  DDL for Sequence SEQ_EVENT_TYPE_ID
--------------------------------------------------------

   CREATE SEQUENCE  "TRMSDB"."SEQ_EVENT_TYPE_ID"  MINVALUE 1 MAXVALUE 9999999999999999999999999999 INCREMENT BY 1 START WITH 21 CACHE 20 NOORDER  NOCYCLE ;
--------------------------------------------------------
--  DDL for Sequence SEQ_GRADE_FORMAT_ID
--------------------------------------------------------

   CREATE SEQUENCE  "TRMSDB"."SEQ_GRADE_FORMAT_ID"  MINVALUE 1 MAXVALUE 9999999999999999999999999999 INCREMENT BY 1 START WITH 21 CACHE 20 NOORDER  NOCYCLE ;
--------------------------------------------------------
--  DDL for Sequence SEQ_LOGS_ID
--------------------------------------------------------

   CREATE SEQUENCE  "TRMSDB"."SEQ_LOGS_ID"  MINVALUE 1 MAXVALUE 9999999999999999999999999999 INCREMENT BY 1 START WITH 1 CACHE 20 NOORDER  NOCYCLE ;
--------------------------------------------------------
--  DDL for Sequence SEQ_LOG_LEVEL_ID
--------------------------------------------------------

   CREATE SEQUENCE  "TRMSDB"."SEQ_LOG_LEVEL_ID"  MINVALUE 1 MAXVALUE 9999999999999999999999999999 INCREMENT BY 1 START WITH 21 CACHE 20 NOORDER  NOCYCLE ;
--------------------------------------------------------
--  DDL for Sequence SEQ_REIM_ATTACH_ID
--------------------------------------------------------

   CREATE SEQUENCE  "TRMSDB"."SEQ_REIM_ATTACH_ID"  MINVALUE 1 MAXVALUE 9999999999999999999999999999 INCREMENT BY 1 START WITH 21 CACHE 20 NOORDER  NOCYCLE ;
--------------------------------------------------------
--  DDL for Sequence SEQ_REIM_ATTACH_TYPE_ID
--------------------------------------------------------

   CREATE SEQUENCE  "TRMSDB"."SEQ_REIM_ATTACH_TYPE_ID"  MINVALUE 1 MAXVALUE 9999999999999999999999999999 INCREMENT BY 1 START WITH 21 CACHE 20 NOORDER  NOCYCLE ;
--------------------------------------------------------
--  DDL for Sequence SEQ_REIM_GRADES_ID
--------------------------------------------------------

   CREATE SEQUENCE  "TRMSDB"."SEQ_REIM_GRADES_ID"  MINVALUE 1 MAXVALUE 9999999999999999999999999999 INCREMENT BY 1 START WITH 1 CACHE 20 NOORDER  NOCYCLE ;
--------------------------------------------------------
--  DDL for Sequence SEQ_REIM_ID
--------------------------------------------------------

   CREATE SEQUENCE  "TRMSDB"."SEQ_REIM_ID"  MINVALUE 1 MAXVALUE 9999999999999999999999999999 INCREMENT BY 1 START WITH 41 CACHE 20 NOORDER  NOCYCLE ;
--------------------------------------------------------
--  DDL for Sequence SEQ_REIM_MESSAGES_ID
--------------------------------------------------------

   CREATE SEQUENCE  "TRMSDB"."SEQ_REIM_MESSAGES_ID"  MINVALUE 1 MAXVALUE 9999999999999999999999999999 INCREMENT BY 1 START WITH 1 CACHE 20 NOORDER  NOCYCLE ;
--------------------------------------------------------
--  DDL for Sequence SEQ_REIM_MESSAGE_ATTACH_ID
--------------------------------------------------------

   CREATE SEQUENCE  "TRMSDB"."SEQ_REIM_MESSAGE_ATTACH_ID"  MINVALUE 1 MAXVALUE 9999999999999999999999999999 INCREMENT BY 1 START WITH 1 CACHE 20 NOORDER  NOCYCLE ;
--------------------------------------------------------
--  DDL for Sequence SEQ_REIM_MSG_ATTACH_ID
--------------------------------------------------------

   CREATE SEQUENCE  "TRMSDB"."SEQ_REIM_MSG_ATTACH_ID"  MINVALUE 1 MAXVALUE 9999999999999999999999999999 INCREMENT BY 1 START WITH 1 CACHE 20 NOORDER  NOCYCLE ;
--------------------------------------------------------
--  DDL for Sequence SEQ_REIM_STATUS_ID
--------------------------------------------------------

   CREATE SEQUENCE  "TRMSDB"."SEQ_REIM_STATUS_ID"  MINVALUE 1 MAXVALUE 9999999999999999999999999999 INCREMENT BY 1 START WITH 21 CACHE 20 NOORDER  NOCYCLE ;
--------------------------------------------------------
--  DDL for Sequence SEQ_ROLE_ID
--------------------------------------------------------

   CREATE SEQUENCE  "TRMSDB"."SEQ_ROLE_ID"  MINVALUE 1 MAXVALUE 9999999999999999999999999999 INCREMENT BY 1 START WITH 21 CACHE 20 NOORDER  NOCYCLE ;
REM INSERTING into TRMSDB.ALTERED_REIMBURSEMENTS
SET DEFINE OFF;
REM INSERTING into TRMSDB.APPROVALS
SET DEFINE OFF;
Insert into TRMSDB.APPROVALS (ID,APPROVAL_STATUS_ID,REIMBURSEMENT_ID,APPROVER_ID,DATETIMECREATED,REASON) values (1,2,2,6,null,null);
Insert into TRMSDB.APPROVALS (ID,APPROVAL_STATUS_ID,REIMBURSEMENT_ID,APPROVER_ID,DATETIMECREATED,REASON) values (5,2,2,1,to_date('28-MAR-17','DD-MON-RR'),'looks good');
Insert into TRMSDB.APPROVALS (ID,APPROVAL_STATUS_ID,REIMBURSEMENT_ID,APPROVER_ID,DATETIMECREATED,REASON) values (6,2,2,49,to_date('28-MAR-17','DD-MON-RR'),null);
REM INSERTING into TRMSDB.APPROVAL_STATUS
SET DEFINE OFF;
Insert into TRMSDB.APPROVAL_STATUS (ID,APPROVAL_STATUS) values (1,'pending');
Insert into TRMSDB.APPROVAL_STATUS (ID,APPROVAL_STATUS) values (2,'awarded');
Insert into TRMSDB.APPROVAL_STATUS (ID,APPROVAL_STATUS) values (3,'denied');
REM INSERTING into TRMSDB.DEPARTMENT
SET DEFINE OFF;
Insert into TRMSDB.DEPARTMENT (ID,DEPARTMENT) values (1,'RD');
Insert into TRMSDB.DEPARTMENT (ID,DEPARTMENT) values (2,'IT');
Insert into TRMSDB.DEPARTMENT (ID,DEPARTMENT) values (3,'PR');
Insert into TRMSDB.DEPARTMENT (ID,DEPARTMENT) values (4,'HR');
Insert into TRMSDB.DEPARTMENT (ID,DEPARTMENT) values (5,'Benco');
REM INSERTING into TRMSDB.EMPLOYEES
SET DEFINE OFF;
Insert into TRMSDB.EMPLOYEES (ID,USERNAME,"password",EMAIL,FIRST_NAME,LAST_NAME,ROLE_ID,SUPERVISOR_ID,DEPARTMENT_ID) values (1,'mhobbs','password','michael.a.hobbs@gmail.com','Michael','Hobbs',2,null,1);
Insert into TRMSDB.EMPLOYEES (ID,USERNAME,"password",EMAIL,FIRST_NAME,LAST_NAME,ROLE_ID,SUPERVISOR_ID,DEPARTMENT_ID) values (2,'meli_b','honey','meli_b@example.com','Melissa','Blackwell',2,null,2);
Insert into TRMSDB.EMPLOYEES (ID,USERNAME,"password",EMAIL,FIRST_NAME,LAST_NAME,ROLE_ID,SUPERVISOR_ID,DEPARTMENT_ID) values (3,'hollym','doseo','hollymiller@example.com','Holly','Miller',2,null,3);
Insert into TRMSDB.EMPLOYEES (ID,USERNAME,"password",EMAIL,FIRST_NAME,LAST_NAME,ROLE_ID,SUPERVISOR_ID,DEPARTMENT_ID) values (4,'averycannon','averypassword','avery_cannon@example.com','Avery','Cannon',2,null,4);
Insert into TRMSDB.EMPLOYEES (ID,USERNAME,"password",EMAIL,FIRST_NAME,LAST_NAME,ROLE_ID,SUPERVISOR_ID,DEPARTMENT_ID) values (5,'benjiro','bennie','benjirosan@example.com','Benjiro','Ito',2,null,5);
Insert into TRMSDB.EMPLOYEES (ID,USERNAME,"password",EMAIL,FIRST_NAME,LAST_NAME,ROLE_ID,SUPERVISOR_ID,DEPARTMENT_ID) values (6,'eseymour','selwyn','elvinseymour@example.com','Elvin','Seymour',3,1,1);
Insert into TRMSDB.EMPLOYEES (ID,USERNAME,"password",EMAIL,FIRST_NAME,LAST_NAME,ROLE_ID,SUPERVISOR_ID,DEPARTMENT_ID) values (7,'yim','chus','yim@example.com','Yi','Mitchell',3,1,1);
Insert into TRMSDB.EMPLOYEES (ID,USERNAME,"password",EMAIL,FIRST_NAME,LAST_NAME,ROLE_ID,SUPERVISOR_ID,DEPARTMENT_ID) values (8,'jherbert','jeangrey','jean@example.com','Jeanette','Herbert',3,1,1);
Insert into TRMSDB.EMPLOYEES (ID,USERNAME,"password",EMAIL,FIRST_NAME,LAST_NAME,ROLE_ID,SUPERVISOR_ID,DEPARTMENT_ID) values (9,'eddiej','misterjeong','eddiej@example.com','Edgar','Jeong',3,1,1);
Insert into TRMSDB.EMPLOYEES (ID,USERNAME,"password",EMAIL,FIRST_NAME,LAST_NAME,ROLE_ID,SUPERVISOR_ID,DEPARTMENT_ID) values (10,'pradilla','deeepend','pradeep@example.com','Pradeep','Villa',3,2,2);
Insert into TRMSDB.EMPLOYEES (ID,USERNAME,"password",EMAIL,FIRST_NAME,LAST_NAME,ROLE_ID,SUPERVISOR_ID,DEPARTMENT_ID) values (11,'lysette','valerian','lysette@example.com','Lysette','Woodhams',3,2,2);
Insert into TRMSDB.EMPLOYEES (ID,USERNAME,"password",EMAIL,FIRST_NAME,LAST_NAME,ROLE_ID,SUPERVISOR_ID,DEPARTMENT_ID) values (12,'sanj','kathleenbaby','bigsanjiv@example.com','Sanjiv','Singh',3,2,2);
Insert into TRMSDB.EMPLOYEES (ID,USERNAME,"password",EMAIL,FIRST_NAME,LAST_NAME,ROLE_ID,SUPERVISOR_ID,DEPARTMENT_ID) values (13,'lilabby','routh123','abbybaby@example.com','Lily','Abbott',3,3,3);
Insert into TRMSDB.EMPLOYEES (ID,USERNAME,"password",EMAIL,FIRST_NAME,LAST_NAME,ROLE_ID,SUPERVISOR_ID,DEPARTMENT_ID) values (14,'miguel','agua','miguel@example.com','Miguel','Sano',3,3,3);
Insert into TRMSDB.EMPLOYEES (ID,USERNAME,"password",EMAIL,FIRST_NAME,LAST_NAME,ROLE_ID,SUPERVISOR_ID,DEPARTMENT_ID) values (15,'seong','song','seongssi@example.com','Seong','Cho',3,5,5);
Insert into TRMSDB.EMPLOYEES (ID,USERNAME,"password",EMAIL,FIRST_NAME,LAST_NAME,ROLE_ID,SUPERVISOR_ID,DEPARTMENT_ID) values (16,'seanb','mean','sean@example.com','Sean','Bean',4,6,1);
Insert into TRMSDB.EMPLOYEES (ID,USERNAME,"password",EMAIL,FIRST_NAME,LAST_NAME,ROLE_ID,SUPERVISOR_ID,DEPARTMENT_ID) values (17,'weaver','sigourney','ariella@example.com','Ariella','Weaver',4,6,1);
Insert into TRMSDB.EMPLOYEES (ID,USERNAME,"password",EMAIL,FIRST_NAME,LAST_NAME,ROLE_ID,SUPERVISOR_ID,DEPARTMENT_ID) values (18,'dparsons','dpw','dparsons@example.com','Darnell','Parsons',4,6,1);
Insert into TRMSDB.EMPLOYEES (ID,USERNAME,"password",EMAIL,FIRST_NAME,LAST_NAME,ROLE_ID,SUPERVISOR_ID,DEPARTMENT_ID) values (19,'epam','electric bread','epam@example.com','Emilia','Pam',4,7,1);
Insert into TRMSDB.EMPLOYEES (ID,USERNAME,"password",EMAIL,FIRST_NAME,LAST_NAME,ROLE_ID,SUPERVISOR_ID,DEPARTMENT_ID) values (20,'rachel','opensesame','rachel@example.com','Rachel','Masters',4,7,1);
Insert into TRMSDB.EMPLOYEES (ID,USERNAME,"password",EMAIL,FIRST_NAME,LAST_NAME,ROLE_ID,SUPERVISOR_ID,DEPARTMENT_ID) values (21,'ftw','mow','ftw@example.com','Merideth','Winship',4,8,1);
Insert into TRMSDB.EMPLOYEES (ID,USERNAME,"password",EMAIL,FIRST_NAME,LAST_NAME,ROLE_ID,SUPERVISOR_ID,DEPARTMENT_ID) values (22,'wheelie','pop','wheelie@example.com','Kyleigh','Wheeler',4,8,1);
Insert into TRMSDB.EMPLOYEES (ID,USERNAME,"password",EMAIL,FIRST_NAME,LAST_NAME,ROLE_ID,SUPERVISOR_ID,DEPARTMENT_ID) values (23,'tabitha','love','tabitha@example.com','Tabitha','Love',4,8,1);
Insert into TRMSDB.EMPLOYEES (ID,USERNAME,"password",EMAIL,FIRST_NAME,LAST_NAME,ROLE_ID,SUPERVISOR_ID,DEPARTMENT_ID) values (24,'msray','sunspots','irisray@example.com','Iris','Ray',4,8,1);
Insert into TRMSDB.EMPLOYEES (ID,USERNAME,"password",EMAIL,FIRST_NAME,LAST_NAME,ROLE_ID,SUPERVISOR_ID,DEPARTMENT_ID) values (25,'patrick','slayer','patricktheslayer@example.com','Patrick','Thayer',4,8,1);
Insert into TRMSDB.EMPLOYEES (ID,USERNAME,"password",EMAIL,FIRST_NAME,LAST_NAME,ROLE_ID,SUPERVISOR_ID,DEPARTMENT_ID) values (26,'xi','abcxyz','xi@example.com','Xiomara','Jacob',4,9,1);
Insert into TRMSDB.EMPLOYEES (ID,USERNAME,"password",EMAIL,FIRST_NAME,LAST_NAME,ROLE_ID,SUPERVISOR_ID,DEPARTMENT_ID) values (27,'gil','goodoldgil','gil@example.com','Gil','Abraham',4,9,1);
Insert into TRMSDB.EMPLOYEES (ID,USERNAME,"password",EMAIL,FIRST_NAME,LAST_NAME,ROLE_ID,SUPERVISOR_ID,DEPARTMENT_ID) values (28,'hatoful','boyfriend','hatty@example.com','Hatty','Simmons',4,9,1);
Insert into TRMSDB.EMPLOYEES (ID,USERNAME,"password",EMAIL,FIRST_NAME,LAST_NAME,ROLE_ID,SUPERVISOR_ID,DEPARTMENT_ID) values (29,'melina','mmmhmm','melinamolina@example.com','Melina','Molina',4,9,1);
Insert into TRMSDB.EMPLOYEES (ID,USERNAME,"password",EMAIL,FIRST_NAME,LAST_NAME,ROLE_ID,SUPERVISOR_ID,DEPARTMENT_ID) values (30,'cwoodrow','cdog','cwoodrow@example.com','Curtis','Woodrow',4,10,2);
Insert into TRMSDB.EMPLOYEES (ID,USERNAME,"password",EMAIL,FIRST_NAME,LAST_NAME,ROLE_ID,SUPERVISOR_ID,DEPARTMENT_ID) values (31,'felix','the cat','felixj@example.com','Felix','Jimenez',4,10,2);
Insert into TRMSDB.EMPLOYEES (ID,USERNAME,"password",EMAIL,FIRST_NAME,LAST_NAME,ROLE_ID,SUPERVISOR_ID,DEPARTMENT_ID) values (32,'zelda','princess','zeldabass@example.com','Zelda','Bass',4,10,2);
Insert into TRMSDB.EMPLOYEES (ID,USERNAME,"password",EMAIL,FIRST_NAME,LAST_NAME,ROLE_ID,SUPERVISOR_ID,DEPARTMENT_ID) values (33,'foster','yesyesyes','foster@example.com','Yeshua','Foster',4,10,2);
Insert into TRMSDB.EMPLOYEES (ID,USERNAME,"password",EMAIL,FIRST_NAME,LAST_NAME,ROLE_ID,SUPERVISOR_ID,DEPARTMENT_ID) values (34,'kelly','kellyanne','kelsilucas@example.com','Kelsi','Lucas',4,11,2);
Insert into TRMSDB.EMPLOYEES (ID,USERNAME,"password",EMAIL,FIRST_NAME,LAST_NAME,ROLE_ID,SUPERVISOR_ID,DEPARTMENT_ID) values (35,'federico','isaura','federicotasker@example.com','Federico','Tasker',4,11,2);
Insert into TRMSDB.EMPLOYEES (ID,USERNAME,"password",EMAIL,FIRST_NAME,LAST_NAME,ROLE_ID,SUPERVISOR_ID,DEPARTMENT_ID) values (36,'dory','justkeepswimming','doryfisher@example.com','Dory','Fisher',4,11,2);
Insert into TRMSDB.EMPLOYEES (ID,USERNAME,"password",EMAIL,FIRST_NAME,LAST_NAME,ROLE_ID,SUPERVISOR_ID,DEPARTMENT_ID) values (37,'lianna','leah','lianna@example.com','Lianna','Farrow',4,12,2);
Insert into TRMSDB.EMPLOYEES (ID,USERNAME,"password",EMAIL,FIRST_NAME,LAST_NAME,ROLE_ID,SUPERVISOR_ID,DEPARTMENT_ID) values (38,'don','donniedarko','donovan@example.com','Donovan','Holstead',4,13,3);
Insert into TRMSDB.EMPLOYEES (ID,USERNAME,"password",EMAIL,FIRST_NAME,LAST_NAME,ROLE_ID,SUPERVISOR_ID,DEPARTMENT_ID) values (39,'homer','simpsons','homer@example.com','Homer','Simmonds',4,13,3);
Insert into TRMSDB.EMPLOYEES (ID,USERNAME,"password",EMAIL,FIRST_NAME,LAST_NAME,ROLE_ID,SUPERVISOR_ID,DEPARTMENT_ID) values (40,'peta','flowers','petachandler@example.com','Peta','Chandler',4,13,3);
Insert into TRMSDB.EMPLOYEES (ID,USERNAME,"password",EMAIL,FIRST_NAME,LAST_NAME,ROLE_ID,SUPERVISOR_ID,DEPARTMENT_ID) values (41,'maribel','christina','maribelfirmin@example.com','Maribel','Firmin',4,14,3);
Insert into TRMSDB.EMPLOYEES (ID,USERNAME,"password",EMAIL,FIRST_NAME,LAST_NAME,ROLE_ID,SUPERVISOR_ID,DEPARTMENT_ID) values (42,'elon','tesla','elonhargrave@example.com','Elon','Hargrave',4,14,3);
Insert into TRMSDB.EMPLOYEES (ID,USERNAME,"password",EMAIL,FIRST_NAME,LAST_NAME,ROLE_ID,SUPERVISOR_ID,DEPARTMENT_ID) values (43,'stephen','zhao','stephenzheng@example.com','Stephen','Zheng',4,14,3);
Insert into TRMSDB.EMPLOYEES (ID,USERNAME,"password",EMAIL,FIRST_NAME,LAST_NAME,ROLE_ID,SUPERVISOR_ID,DEPARTMENT_ID) values (44,'hailee','duff','haileelambert@example.com','Hailee','Lambert',4,14,3);
Insert into TRMSDB.EMPLOYEES (ID,USERNAME,"password",EMAIL,FIRST_NAME,LAST_NAME,ROLE_ID,SUPERVISOR_ID,DEPARTMENT_ID) values (45,'shivali','sksksk','skumar@example.com','Shivali','Kumar',4,4,4);
Insert into TRMSDB.EMPLOYEES (ID,USERNAME,"password",EMAIL,FIRST_NAME,LAST_NAME,ROLE_ID,SUPERVISOR_ID,DEPARTMENT_ID) values (46,'lynna','lkh123','lynnahowland@example.com','Lynna','Howland',4,4,4);
Insert into TRMSDB.EMPLOYEES (ID,USERNAME,"password",EMAIL,FIRST_NAME,LAST_NAME,ROLE_ID,SUPERVISOR_ID,DEPARTMENT_ID) values (47,'lorne','lonerangerwarwick','lornewarwick@example.com','Lorne','Warwick',4,4,4);
Insert into TRMSDB.EMPLOYEES (ID,USERNAME,"password",EMAIL,FIRST_NAME,LAST_NAME,ROLE_ID,SUPERVISOR_ID,DEPARTMENT_ID) values (48,'emma','edison','emmawatson@example.com','Emma','Watson',4,4,4);
Insert into TRMSDB.EMPLOYEES (ID,USERNAME,"password",EMAIL,FIRST_NAME,LAST_NAME,ROLE_ID,SUPERVISOR_ID,DEPARTMENT_ID) values (49,'paola','password123','paoladeluca@example.com','Paola','DeLuca',4,15,5);
Insert into TRMSDB.EMPLOYEES (ID,USERNAME,"password",EMAIL,FIRST_NAME,LAST_NAME,ROLE_ID,SUPERVISOR_ID,DEPARTMENT_ID) values (50,'hannah','one','hannahlee@example.com','Hannah','Lee',4,15,5);
REM INSERTING into TRMSDB.EVENT_TYPE
SET DEFINE OFF;
Insert into TRMSDB.EVENT_TYPE (ID,EVENT_TYPE,COVERAGE_PERCENTAGE) values (1,'university',80);
Insert into TRMSDB.EVENT_TYPE (ID,EVENT_TYPE,COVERAGE_PERCENTAGE) values (2,'seminar',60);
Insert into TRMSDB.EVENT_TYPE (ID,EVENT_TYPE,COVERAGE_PERCENTAGE) values (3,'cert_prep',75);
Insert into TRMSDB.EVENT_TYPE (ID,EVENT_TYPE,COVERAGE_PERCENTAGE) values (4,'cert',100);
Insert into TRMSDB.EVENT_TYPE (ID,EVENT_TYPE,COVERAGE_PERCENTAGE) values (5,'tech_training',90);
Insert into TRMSDB.EVENT_TYPE (ID,EVENT_TYPE,COVERAGE_PERCENTAGE) values (6,'other',30);
REM INSERTING into TRMSDB.GRADE_FORMAT
SET DEFINE OFF;
Insert into TRMSDB.GRADE_FORMAT (ID,GRADES,PASSING_GRADE) values (1,'Pass/Fail','Pass');
Insert into TRMSDB.GRADE_FORMAT (ID,GRADES,PASSING_GRADE) values (2,'A/B/C/D/F','C');
Insert into TRMSDB.GRADE_FORMAT (ID,GRADES,PASSING_GRADE) values (3,'Percentage','65%');
Insert into TRMSDB.GRADE_FORMAT (ID,GRADES,PASSING_GRADE) values (4,'Presentation','Satisfactory');
REM INSERTING into TRMSDB.LOGS
SET DEFINE OFF;
REM INSERTING into TRMSDB.LOG_LEVEL
SET DEFINE OFF;
Insert into TRMSDB.LOG_LEVEL (ID,LOG_LEVEL) values (1,'all');
Insert into TRMSDB.LOG_LEVEL (ID,LOG_LEVEL) values (2,'trace');
Insert into TRMSDB.LOG_LEVEL (ID,LOG_LEVEL) values (3,'debug');
Insert into TRMSDB.LOG_LEVEL (ID,LOG_LEVEL) values (4,'info');
Insert into TRMSDB.LOG_LEVEL (ID,LOG_LEVEL) values (5,'warn');
Insert into TRMSDB.LOG_LEVEL (ID,LOG_LEVEL) values (6,'error');
Insert into TRMSDB.LOG_LEVEL (ID,LOG_LEVEL) values (7,'fatal');
Insert into TRMSDB.LOG_LEVEL (ID,LOG_LEVEL) values (8,'off');
REM INSERTING into TRMSDB.MESSAGE_ATTACHMENTS
SET DEFINE OFF;
REM INSERTING into TRMSDB.REIMBURSEMENTS
SET DEFINE OFF;
Insert into TRMSDB.REIMBURSEMENTS (ID,EMPLOYEE_ID,STATUS_ID,EVENT_TYPE_ID,GRADE_FORMAT_ID,GRADE_ID,START_DATETIME,END_DATETIME,DESCRIPTION,JUSTIFICATION,LOCATION,COST,WORKTIME_TO_BE_MISSED,DATETIMECREATED) values (1,1,1,1,1,null,to_date('01-MAY-17','DD-MON-RR'),to_date('19-MAY-17','DD-MON-RR'),'Mascot X provides an opportunity to study top-notch mascot training and deployment from the mascot trainers at Disneyland.','Our organization employs mascots, and it was determined that Disneyland''s use of mascots is second to none and that we could improve our mascot training program by studying mascot deployment at Disneyland.','Disneyland',500.5,'The first 3 weeks of May will involve out-of-office travel and study.',to_date('26-MAR-17','DD-MON-RR'));
Insert into TRMSDB.REIMBURSEMENTS (ID,EMPLOYEE_ID,STATUS_ID,EVENT_TYPE_ID,GRADE_FORMAT_ID,GRADE_ID,START_DATETIME,END_DATETIME,DESCRIPTION,JUSTIFICATION,LOCATION,COST,WORKTIME_TO_BE_MISSED,DATETIMECREATED) values (2,16,2,1,1,null,to_date('05-APR-17','DD-MON-RR'),to_date('01-MAY-17','DD-MON-RR'),'A certification training program to prepare for my OCA.','No OCA, no life.','Somewhere USA',500.52,'3 weeks starting from April 5.',to_date('27-MAR-17','DD-MON-RR'));
Insert into TRMSDB.REIMBURSEMENTS (ID,EMPLOYEE_ID,STATUS_ID,EVENT_TYPE_ID,GRADE_FORMAT_ID,GRADE_ID,START_DATETIME,END_DATETIME,DESCRIPTION,JUSTIFICATION,LOCATION,COST,WORKTIME_TO_BE_MISSED,DATETIMECREATED) values (3,41,1,1,1,null,to_date('01-JUN-17','DD-MON-RR'),to_date('01-JUL-17','DD-MON-RR'),'Symposium on accretion disks.','Research into circumstellar material.','Newfoundland',200,'The month of June.',to_date('28-MAR-17','DD-MON-RR'));
Insert into TRMSDB.REIMBURSEMENTS (ID,EMPLOYEE_ID,STATUS_ID,EVENT_TYPE_ID,GRADE_FORMAT_ID,GRADE_ID,START_DATETIME,END_DATETIME,DESCRIPTION,JUSTIFICATION,LOCATION,COST,WORKTIME_TO_BE_MISSED,DATETIMECREATED) values (21,1,1,1,1,null,to_date('01-MAY-17','DD-MON-RR'),to_date('01-JUN-17','DD-MON-RR'),'aoheutn hoeantu haso','htnaosehu ntaohe us','disneyland',500,'htnaos euhnaote hu',to_date('31-MAR-17','DD-MON-RR'));
Insert into TRMSDB.REIMBURSEMENTS (ID,EMPLOYEE_ID,STATUS_ID,EVENT_TYPE_ID,GRADE_FORMAT_ID,GRADE_ID,START_DATETIME,END_DATETIME,DESCRIPTION,JUSTIFICATION,LOCATION,COST,WORKTIME_TO_BE_MISSED,DATETIMECREATED) values (22,1,1,2,2,null,to_date('01-JUN-17','DD-MON-RR'),to_date('02-JUN-16','DD-MON-RR'),'aohetn aohseunt ah','h anoteshu aonth','virginia',100,'h ntaoeu anoe tu',to_date('31-MAR-17','DD-MON-RR'));
Insert into TRMSDB.REIMBURSEMENTS (ID,EMPLOYEE_ID,STATUS_ID,EVENT_TYPE_ID,GRADE_FORMAT_ID,GRADE_ID,START_DATETIME,END_DATETIME,DESCRIPTION,JUSTIFICATION,LOCATION,COST,WORKTIME_TO_BE_MISSED,DATETIMECREATED) values (23,1,1,1,4,null,to_date('01-JUL-17','DD-MON-RR'),to_date('02-JUL-17','DD-MON-RR'),'aohetu nasohe','t hanote huanoteh','aoetuhs',200,' hantoe uhanote',to_date('31-MAR-17','DD-MON-RR'));
Insert into TRMSDB.REIMBURSEMENTS (ID,EMPLOYEE_ID,STATUS_ID,EVENT_TYPE_ID,GRADE_FORMAT_ID,GRADE_ID,START_DATETIME,END_DATETIME,DESCRIPTION,JUSTIFICATION,LOCATION,COST,WORKTIME_TO_BE_MISSED,DATETIMECREATED) values (24,1,1,5,1,null,to_date('01-AUG-17','DD-MON-RR'),to_date('02-AUG-17','DD-MON-RR'),'event description','event justification','revature',140,'event worktime',to_date('31-MAR-17','DD-MON-RR'));
Insert into TRMSDB.REIMBURSEMENTS (ID,EMPLOYEE_ID,STATUS_ID,EVENT_TYPE_ID,GRADE_FORMAT_ID,GRADE_ID,START_DATETIME,END_DATETIME,DESCRIPTION,JUSTIFICATION,LOCATION,COST,WORKTIME_TO_BE_MISSED,DATETIMECREATED) values (25,2,1,5,3,null,to_date('01-SEP-17','DD-MON-RR'),to_date('02-SEP-17','DD-MON-RR'),'aoeuhtns','gcrlmwvz','home',50,null,to_date('31-MAR-17','DD-MON-RR'));
Insert into TRMSDB.REIMBURSEMENTS (ID,EMPLOYEE_ID,STATUS_ID,EVENT_TYPE_ID,GRADE_FORMAT_ID,GRADE_ID,START_DATETIME,END_DATETIME,DESCRIPTION,JUSTIFICATION,LOCATION,COST,WORKTIME_TO_BE_MISSED,DATETIMECREATED) values (26,1,1,1,1,null,to_date('01-JAN-18','DD-MON-RR'),to_date('02-JAN-18','DD-MON-RR'),'ahoetnu','htnohseu','bkxmqbkxmb',111,'htn',to_date('31-MAR-17','DD-MON-RR'));
Insert into TRMSDB.REIMBURSEMENTS (ID,EMPLOYEE_ID,STATUS_ID,EVENT_TYPE_ID,GRADE_FORMAT_ID,GRADE_ID,START_DATETIME,END_DATETIME,DESCRIPTION,JUSTIFICATION,LOCATION,COST,WORKTIME_TO_BE_MISSED,DATETIMECREATED) values (27,1,1,1,1,null,to_date('05-APR-17','DD-MON-RR'),to_date('07-APR-17','DD-MON-RR'),'hhhh','ccc','aaaa',111,null,to_date('31-MAR-17','DD-MON-RR'));
REM INSERTING into TRMSDB.REIMBURSEMENT_ATTACHMENTS
SET DEFINE OFF;
Insert into TRMSDB.REIMBURSEMENT_ATTACHMENTS (ID,REIMBURSEMENT_ID,ATTACHMENT_TYPE_ID,URL) values (1,23,1,'1-267570155-Good document.docx');
Insert into TRMSDB.REIMBURSEMENT_ATTACHMENTS (ID,REIMBURSEMENT_ID,ATTACHMENT_TYPE_ID,URL) values (2,23,1,'1-593007680-supertest.txt');
Insert into TRMSDB.REIMBURSEMENT_ATTACHMENTS (ID,REIMBURSEMENT_ID,ATTACHMENT_TYPE_ID,URL) values (3,23,2,'1-1392064295-');
Insert into TRMSDB.REIMBURSEMENT_ATTACHMENTS (ID,REIMBURSEMENT_ID,ATTACHMENT_TYPE_ID,URL) values (4,23,3,'1-799231351-');
Insert into TRMSDB.REIMBURSEMENT_ATTACHMENTS (ID,REIMBURSEMENT_ID,ATTACHMENT_TYPE_ID,URL) values (5,24,2,'1-1773650270-sup-app.msg');
Insert into TRMSDB.REIMBURSEMENT_ATTACHMENTS (ID,REIMBURSEMENT_ID,ATTACHMENT_TYPE_ID,URL) values (6,26,3,'1-518022866-sup-app.msg');
REM INSERTING into TRMSDB.REIMBURSEMENT_ATTACHMENT_TYPE
SET DEFINE OFF;
Insert into TRMSDB.REIMBURSEMENT_ATTACHMENT_TYPE (ID,ATTACHMENT_TYPE) values (1,'event-related');
Insert into TRMSDB.REIMBURSEMENT_ATTACHMENT_TYPE (ID,ATTACHMENT_TYPE) values (2,'supervisor approval');
Insert into TRMSDB.REIMBURSEMENT_ATTACHMENT_TYPE (ID,ATTACHMENT_TYPE) values (3,'department-head approval');
REM INSERTING into TRMSDB.REIMBURSEMENT_GRADES
SET DEFINE OFF;
REM INSERTING into TRMSDB.REIMBURSEMENT_MESSAGES
SET DEFINE OFF;
REM INSERTING into TRMSDB.REIMBURSEMENT_STATUS
SET DEFINE OFF;
Insert into TRMSDB.REIMBURSEMENT_STATUS (ID,REIMBURSEMENT_STATUS) values (1,'open');
Insert into TRMSDB.REIMBURSEMENT_STATUS (ID,REIMBURSEMENT_STATUS) values (2,'pending');
Insert into TRMSDB.REIMBURSEMENT_STATUS (ID,REIMBURSEMENT_STATUS) values (3,'cancelled');
Insert into TRMSDB.REIMBURSEMENT_STATUS (ID,REIMBURSEMENT_STATUS) values (4,'awarded');
Insert into TRMSDB.REIMBURSEMENT_STATUS (ID,REIMBURSEMENT_STATUS) values (5,'denied');
REM INSERTING into TRMSDB.ROLE
SET DEFINE OFF;
Insert into TRMSDB.ROLE (ID,ROLE) values (1,'sysadmin');
Insert into TRMSDB.ROLE (ID,ROLE) values (2,'head');
Insert into TRMSDB.ROLE (ID,ROLE) values (3,'supervisor');
Insert into TRMSDB.ROLE (ID,ROLE) values (4,'employee');
REM INSERTING into TRMSDB.URGENT_REIMBURSEMENTS
SET DEFINE OFF;
--------------------------------------------------------
--  DDL for Index PK_ALTERED_REIMBURSEMENT
--------------------------------------------------------

  CREATE UNIQUE INDEX "TRMSDB"."PK_ALTERED_REIMBURSEMENT" ON "TRMSDB"."ALTERED_REIMBURSEMENTS" ("REIMBURSEMENT_ID") 
  PCTFREE 10 INITRANS 2 MAXTRANS 255 COMPUTE STATISTICS 
  STORAGE(INITIAL 65536 NEXT 1048576 MINEXTENTS 1 MAXEXTENTS 2147483645
  PCTINCREASE 0 FREELISTS 1 FREELIST GROUPS 1 BUFFER_POOL DEFAULT FLASH_CACHE DEFAULT CELL_FLASH_CACHE DEFAULT)
  TABLESPACE "SYSTEM" ;
--------------------------------------------------------
--  DDL for Index PK_APPROVAL
--------------------------------------------------------

  CREATE UNIQUE INDEX "TRMSDB"."PK_APPROVAL" ON "TRMSDB"."APPROVALS" ("ID") 
  PCTFREE 10 INITRANS 2 MAXTRANS 255 COMPUTE STATISTICS 
  STORAGE(INITIAL 65536 NEXT 1048576 MINEXTENTS 1 MAXEXTENTS 2147483645
  PCTINCREASE 0 FREELISTS 1 FREELIST GROUPS 1 BUFFER_POOL DEFAULT FLASH_CACHE DEFAULT CELL_FLASH_CACHE DEFAULT)
  TABLESPACE "SYSTEM" ;
--------------------------------------------------------
--  DDL for Index PK_APPROVAL_STATUS
--------------------------------------------------------

  CREATE UNIQUE INDEX "TRMSDB"."PK_APPROVAL_STATUS" ON "TRMSDB"."APPROVAL_STATUS" ("ID") 
  PCTFREE 10 INITRANS 2 MAXTRANS 255 COMPUTE STATISTICS 
  STORAGE(INITIAL 65536 NEXT 1048576 MINEXTENTS 1 MAXEXTENTS 2147483645
  PCTINCREASE 0 FREELISTS 1 FREELIST GROUPS 1 BUFFER_POOL DEFAULT FLASH_CACHE DEFAULT CELL_FLASH_CACHE DEFAULT)
  TABLESPACE "SYSTEM" ;
--------------------------------------------------------
--  DDL for Index PK_DEPARTMENT
--------------------------------------------------------

  CREATE UNIQUE INDEX "TRMSDB"."PK_DEPARTMENT" ON "TRMSDB"."DEPARTMENT" ("ID") 
  PCTFREE 10 INITRANS 2 MAXTRANS 255 COMPUTE STATISTICS 
  STORAGE(INITIAL 65536 NEXT 1048576 MINEXTENTS 1 MAXEXTENTS 2147483645
  PCTINCREASE 0 FREELISTS 1 FREELIST GROUPS 1 BUFFER_POOL DEFAULT FLASH_CACHE DEFAULT CELL_FLASH_CACHE DEFAULT)
  TABLESPACE "SYSTEM" ;
--------------------------------------------------------
--  DDL for Index PK_EMPLOYEES
--------------------------------------------------------

  CREATE UNIQUE INDEX "TRMSDB"."PK_EMPLOYEES" ON "TRMSDB"."EMPLOYEES" ("ID") 
  PCTFREE 10 INITRANS 2 MAXTRANS 255 COMPUTE STATISTICS 
  STORAGE(INITIAL 65536 NEXT 1048576 MINEXTENTS 1 MAXEXTENTS 2147483645
  PCTINCREASE 0 FREELISTS 1 FREELIST GROUPS 1 BUFFER_POOL DEFAULT FLASH_CACHE DEFAULT CELL_FLASH_CACHE DEFAULT)
  TABLESPACE "SYSTEM" ;
--------------------------------------------------------
--  DDL for Index PK_EVENT_TYPE
--------------------------------------------------------

  CREATE UNIQUE INDEX "TRMSDB"."PK_EVENT_TYPE" ON "TRMSDB"."EVENT_TYPE" ("ID") 
  PCTFREE 10 INITRANS 2 MAXTRANS 255 COMPUTE STATISTICS 
  STORAGE(INITIAL 65536 NEXT 1048576 MINEXTENTS 1 MAXEXTENTS 2147483645
  PCTINCREASE 0 FREELISTS 1 FREELIST GROUPS 1 BUFFER_POOL DEFAULT FLASH_CACHE DEFAULT CELL_FLASH_CACHE DEFAULT)
  TABLESPACE "SYSTEM" ;
--------------------------------------------------------
--  DDL for Index PK_GRADE_FORMAT
--------------------------------------------------------

  CREATE UNIQUE INDEX "TRMSDB"."PK_GRADE_FORMAT" ON "TRMSDB"."GRADE_FORMAT" ("ID") 
  PCTFREE 10 INITRANS 2 MAXTRANS 255 COMPUTE STATISTICS 
  STORAGE(INITIAL 65536 NEXT 1048576 MINEXTENTS 1 MAXEXTENTS 2147483645
  PCTINCREASE 0 FREELISTS 1 FREELIST GROUPS 1 BUFFER_POOL DEFAULT FLASH_CACHE DEFAULT CELL_FLASH_CACHE DEFAULT)
  TABLESPACE "SYSTEM" ;
--------------------------------------------------------
--  DDL for Index PK_LOG
--------------------------------------------------------

  CREATE UNIQUE INDEX "TRMSDB"."PK_LOG" ON "TRMSDB"."LOGS" ("ID") 
  PCTFREE 10 INITRANS 2 MAXTRANS 255 COMPUTE STATISTICS 
  STORAGE(INITIAL 65536 NEXT 1048576 MINEXTENTS 1 MAXEXTENTS 2147483645
  PCTINCREASE 0 FREELISTS 1 FREELIST GROUPS 1 BUFFER_POOL DEFAULT FLASH_CACHE DEFAULT CELL_FLASH_CACHE DEFAULT)
  TABLESPACE "SYSTEM" ;
--------------------------------------------------------
--  DDL for Index PK_LOG_LEVEL
--------------------------------------------------------

  CREATE UNIQUE INDEX "TRMSDB"."PK_LOG_LEVEL" ON "TRMSDB"."LOG_LEVEL" ("ID") 
  PCTFREE 10 INITRANS 2 MAXTRANS 255 COMPUTE STATISTICS 
  STORAGE(INITIAL 65536 NEXT 1048576 MINEXTENTS 1 MAXEXTENTS 2147483645
  PCTINCREASE 0 FREELISTS 1 FREELIST GROUPS 1 BUFFER_POOL DEFAULT FLASH_CACHE DEFAULT CELL_FLASH_CACHE DEFAULT)
  TABLESPACE "SYSTEM" ;
--------------------------------------------------------
--  DDL for Index PK_REIMBURSEMENTS
--------------------------------------------------------

  CREATE UNIQUE INDEX "TRMSDB"."PK_REIMBURSEMENTS" ON "TRMSDB"."REIMBURSEMENTS" ("ID") 
  PCTFREE 10 INITRANS 2 MAXTRANS 255 COMPUTE STATISTICS 
  STORAGE(INITIAL 65536 NEXT 1048576 MINEXTENTS 1 MAXEXTENTS 2147483645
  PCTINCREASE 0 FREELISTS 1 FREELIST GROUPS 1 BUFFER_POOL DEFAULT FLASH_CACHE DEFAULT CELL_FLASH_CACHE DEFAULT)
  TABLESPACE "SYSTEM" ;
--------------------------------------------------------
--  DDL for Index PK_REIMBURSEMENT_GRADES
--------------------------------------------------------

  CREATE UNIQUE INDEX "TRMSDB"."PK_REIMBURSEMENT_GRADES" ON "TRMSDB"."REIMBURSEMENT_GRADES" ("ID") 
  PCTFREE 10 INITRANS 2 MAXTRANS 255 COMPUTE STATISTICS 
  STORAGE(INITIAL 65536 NEXT 1048576 MINEXTENTS 1 MAXEXTENTS 2147483645
  PCTINCREASE 0 FREELISTS 1 FREELIST GROUPS 1 BUFFER_POOL DEFAULT FLASH_CACHE DEFAULT CELL_FLASH_CACHE DEFAULT)
  TABLESPACE "SYSTEM" ;
--------------------------------------------------------
--  DDL for Index PK_REIMBURSEMENT_STATUS
--------------------------------------------------------

  CREATE UNIQUE INDEX "TRMSDB"."PK_REIMBURSEMENT_STATUS" ON "TRMSDB"."REIMBURSEMENT_STATUS" ("ID") 
  PCTFREE 10 INITRANS 2 MAXTRANS 255 COMPUTE STATISTICS 
  STORAGE(INITIAL 65536 NEXT 1048576 MINEXTENTS 1 MAXEXTENTS 2147483645
  PCTINCREASE 0 FREELISTS 1 FREELIST GROUPS 1 BUFFER_POOL DEFAULT FLASH_CACHE DEFAULT CELL_FLASH_CACHE DEFAULT)
  TABLESPACE "SYSTEM" ;
--------------------------------------------------------
--  DDL for Index PK_REIM_ATTACHMENTS
--------------------------------------------------------

  CREATE UNIQUE INDEX "TRMSDB"."PK_REIM_ATTACHMENTS" ON "TRMSDB"."REIMBURSEMENT_ATTACHMENTS" ("ID") 
  PCTFREE 10 INITRANS 2 MAXTRANS 255 COMPUTE STATISTICS 
  STORAGE(INITIAL 65536 NEXT 1048576 MINEXTENTS 1 MAXEXTENTS 2147483645
  PCTINCREASE 0 FREELISTS 1 FREELIST GROUPS 1 BUFFER_POOL DEFAULT FLASH_CACHE DEFAULT CELL_FLASH_CACHE DEFAULT)
  TABLESPACE "SYSTEM" ;
--------------------------------------------------------
--  DDL for Index PK_REIM_ATTACH_TYPE
--------------------------------------------------------

  CREATE UNIQUE INDEX "TRMSDB"."PK_REIM_ATTACH_TYPE" ON "TRMSDB"."REIMBURSEMENT_ATTACHMENT_TYPE" ("ID") 
  PCTFREE 10 INITRANS 2 MAXTRANS 255 COMPUTE STATISTICS 
  STORAGE(INITIAL 65536 NEXT 1048576 MINEXTENTS 1 MAXEXTENTS 2147483645
  PCTINCREASE 0 FREELISTS 1 FREELIST GROUPS 1 BUFFER_POOL DEFAULT FLASH_CACHE DEFAULT CELL_FLASH_CACHE DEFAULT)
  TABLESPACE "SYSTEM" ;
--------------------------------------------------------
--  DDL for Index PK_REIM_MESSAGE
--------------------------------------------------------

  CREATE UNIQUE INDEX "TRMSDB"."PK_REIM_MESSAGE" ON "TRMSDB"."REIMBURSEMENT_MESSAGES" ("ID") 
  PCTFREE 10 INITRANS 2 MAXTRANS 255 COMPUTE STATISTICS 
  STORAGE(INITIAL 65536 NEXT 1048576 MINEXTENTS 1 MAXEXTENTS 2147483645
  PCTINCREASE 0 FREELISTS 1 FREELIST GROUPS 1 BUFFER_POOL DEFAULT FLASH_CACHE DEFAULT CELL_FLASH_CACHE DEFAULT)
  TABLESPACE "SYSTEM" ;
--------------------------------------------------------
--  DDL for Index PK_REIM_MSG_ATTACH
--------------------------------------------------------

  CREATE UNIQUE INDEX "TRMSDB"."PK_REIM_MSG_ATTACH" ON "TRMSDB"."MESSAGE_ATTACHMENTS" ("ID") 
  PCTFREE 10 INITRANS 2 MAXTRANS 255 COMPUTE STATISTICS 
  STORAGE(INITIAL 65536 NEXT 1048576 MINEXTENTS 1 MAXEXTENTS 2147483645
  PCTINCREASE 0 FREELISTS 1 FREELIST GROUPS 1 BUFFER_POOL DEFAULT FLASH_CACHE DEFAULT CELL_FLASH_CACHE DEFAULT)
  TABLESPACE "SYSTEM" ;
--------------------------------------------------------
--  DDL for Index PK_ROLE
--------------------------------------------------------

  CREATE UNIQUE INDEX "TRMSDB"."PK_ROLE" ON "TRMSDB"."ROLE" ("ID") 
  PCTFREE 10 INITRANS 2 MAXTRANS 255 COMPUTE STATISTICS 
  STORAGE(INITIAL 65536 NEXT 1048576 MINEXTENTS 1 MAXEXTENTS 2147483645
  PCTINCREASE 0 FREELISTS 1 FREELIST GROUPS 1 BUFFER_POOL DEFAULT FLASH_CACHE DEFAULT CELL_FLASH_CACHE DEFAULT)
  TABLESPACE "SYSTEM" ;
--------------------------------------------------------
--  DDL for Index PK_URGENT_REIMBURSEMENT
--------------------------------------------------------

  CREATE UNIQUE INDEX "TRMSDB"."PK_URGENT_REIMBURSEMENT" ON "TRMSDB"."URGENT_REIMBURSEMENTS" ("REIMBURSEMENT_ID") 
  PCTFREE 10 INITRANS 2 MAXTRANS 255 COMPUTE STATISTICS 
  STORAGE(INITIAL 65536 NEXT 1048576 MINEXTENTS 1 MAXEXTENTS 2147483645
  PCTINCREASE 0 FREELISTS 1 FREELIST GROUPS 1 BUFFER_POOL DEFAULT FLASH_CACHE DEFAULT CELL_FLASH_CACHE DEFAULT)
  TABLESPACE "SYSTEM" ;
--------------------------------------------------------
--  DDL for Index SYS_C007650
--------------------------------------------------------

  CREATE UNIQUE INDEX "TRMSDB"."SYS_C007650" ON "TRMSDB"."EMPLOYEES" ("USERNAME") 
  PCTFREE 10 INITRANS 2 MAXTRANS 255 COMPUTE STATISTICS 
  STORAGE(INITIAL 65536 NEXT 1048576 MINEXTENTS 1 MAXEXTENTS 2147483645
  PCTINCREASE 0 FREELISTS 1 FREELIST GROUPS 1 BUFFER_POOL DEFAULT FLASH_CACHE DEFAULT CELL_FLASH_CACHE DEFAULT)
  TABLESPACE "SYSTEM" ;
--------------------------------------------------------
--  DDL for Trigger TRIGGER_APPROVALS_ID
--------------------------------------------------------

  CREATE OR REPLACE TRIGGER "TRMSDB"."TRIGGER_APPROVALS_ID" 
    BEFORE INSERT ON approvals
    FOR EACH ROW
    BEGIN
      SELECT sequence_approvals_id.NEXTVAL
      INTO :new.id
      FROM dual;
    END;
/
ALTER TRIGGER "TRMSDB"."TRIGGER_APPROVALS_ID" ENABLE;
--------------------------------------------------------
--  DDL for Trigger TRIGGER_APPROVAL_STATUS_ID
--------------------------------------------------------

  CREATE OR REPLACE TRIGGER "TRMSDB"."TRIGGER_APPROVAL_STATUS_ID" 
    BEFORE INSERT ON approval_status
    FOR EACH ROW
    BEGIN
      SELECT sequence_approval_status_id.NEXTVAL
      INTO :new.id
      FROM dual;
    END;
/
ALTER TRIGGER "TRMSDB"."TRIGGER_APPROVAL_STATUS_ID" ENABLE;
--------------------------------------------------------
--  DDL for Trigger TRIGGER_DEPARTMENT_ID
--------------------------------------------------------

  CREATE OR REPLACE TRIGGER "TRMSDB"."TRIGGER_DEPARTMENT_ID" 
    BEFORE INSERT ON department
    FOR EACH ROW
    BEGIN
      SELECT sequence_department_id.NEXTVAL
      INTO :new.id
      FROM dual;
    END;
/
ALTER TRIGGER "TRMSDB"."TRIGGER_DEPARTMENT_ID" ENABLE;
--------------------------------------------------------
--  DDL for Trigger TRIGGER_EMPLOYEES_ID
--------------------------------------------------------

  CREATE OR REPLACE TRIGGER "TRMSDB"."TRIGGER_EMPLOYEES_ID" 
    BEFORE INSERT ON employees
    FOR EACH ROW
    BEGIN
      SELECT sequence_employees_id.NEXTVAL
      INTO :new.id
      FROM dual;
    END;
/
ALTER TRIGGER "TRMSDB"."TRIGGER_EMPLOYEES_ID" ENABLE;
--------------------------------------------------------
--  DDL for Trigger TRIGGER_EVENT_TYPE_ID
--------------------------------------------------------

  CREATE OR REPLACE TRIGGER "TRMSDB"."TRIGGER_EVENT_TYPE_ID" 
    BEFORE INSERT ON event_type
    FOR EACH ROW
    BEGIN
      SELECT sequence_event_type_id.NEXTVAL
      INTO :new.id
      FROM dual;
    END;
/
ALTER TRIGGER "TRMSDB"."TRIGGER_EVENT_TYPE_ID" ENABLE;
--------------------------------------------------------
--  DDL for Trigger TRIGGER_GRADE_FORMAT_ID
--------------------------------------------------------

  CREATE OR REPLACE TRIGGER "TRMSDB"."TRIGGER_GRADE_FORMAT_ID" 
    BEFORE INSERT ON grade_format
    FOR EACH ROW
    BEGIN
      SELECT sequence_grade_format_id.NEXTVAL
      INTO :new.id
      FROM dual;
    END;
/
ALTER TRIGGER "TRMSDB"."TRIGGER_GRADE_FORMAT_ID" ENABLE;
--------------------------------------------------------
--  DDL for Trigger TRIGGER_LOGS_ID
--------------------------------------------------------

  CREATE OR REPLACE TRIGGER "TRMSDB"."TRIGGER_LOGS_ID" 
    BEFORE INSERT ON logs
    FOR EACH ROW
    BEGIN
      SELECT sequence_logs_id.NEXTVAL
      INTO :new.id
      FROM dual;
    END;
/
ALTER TRIGGER "TRMSDB"."TRIGGER_LOGS_ID" ENABLE;
--------------------------------------------------------
--  DDL for Trigger TRIGGER_LOG_LEVEL_ID
--------------------------------------------------------

  CREATE OR REPLACE TRIGGER "TRMSDB"."TRIGGER_LOG_LEVEL_ID" 
    BEFORE INSERT ON log_level
    FOR EACH ROW
    BEGIN
      SELECT sequence_log_level_id.NEXTVAL
      INTO :new.id
      FROM dual;
    END;
/
ALTER TRIGGER "TRMSDB"."TRIGGER_LOG_LEVEL_ID" ENABLE;
--------------------------------------------------------
--  DDL for Trigger TRIGGER_REIMBURSEMENTS_ID
--------------------------------------------------------

  CREATE OR REPLACE TRIGGER "TRMSDB"."TRIGGER_REIMBURSEMENTS_ID" 
    BEFORE INSERT ON reimbursements
    FOR EACH ROW
    BEGIN
      SELECT sequence_reimbursements_id.NEXTVAL
      INTO :new.id
      FROM dual;
    END;
/
ALTER TRIGGER "TRMSDB"."TRIGGER_REIMBURSEMENTS_ID" ENABLE;
--------------------------------------------------------
--  DDL for Trigger TRIGGER_ROLE_ID
--------------------------------------------------------

  CREATE OR REPLACE TRIGGER "TRMSDB"."TRIGGER_ROLE_ID" 
    BEFORE INSERT ON role
    FOR EACH ROW
    BEGIN
      SELECT sequence_role_id.NEXTVAL
      INTO :new.id
      FROM dual;
    END;
/
ALTER TRIGGER "TRMSDB"."TRIGGER_ROLE_ID" ENABLE;
--------------------------------------------------------
--  DDL for Trigger TRIG_APPROVALS_ID
--------------------------------------------------------

  CREATE OR REPLACE TRIGGER "TRMSDB"."TRIG_APPROVALS_ID" 
    BEFORE INSERT ON approvals
    FOR EACH ROW
    BEGIN
      SELECT seq_approvals_id.NEXTVAL
      INTO :new.id
      FROM dual;
    END;
/
ALTER TRIGGER "TRMSDB"."TRIG_APPROVALS_ID" ENABLE;
--------------------------------------------------------
--  DDL for Trigger TRIG_APPROVAL_STATUS_ID
--------------------------------------------------------

  CREATE OR REPLACE TRIGGER "TRMSDB"."TRIG_APPROVAL_STATUS_ID" 
    BEFORE INSERT ON approval_status
    FOR EACH ROW
    BEGIN
      SELECT seq_approval_status_id.NEXTVAL
      INTO :new.id
      FROM dual;
    END;
/
ALTER TRIGGER "TRMSDB"."TRIG_APPROVAL_STATUS_ID" ENABLE;
--------------------------------------------------------
--  DDL for Trigger TRIG_DEPARTMENT_ID
--------------------------------------------------------

  CREATE OR REPLACE TRIGGER "TRMSDB"."TRIG_DEPARTMENT_ID" 
    BEFORE INSERT ON department
    FOR EACH ROW
    BEGIN
      SELECT seq_department_id.NEXTVAL
      INTO :new.id
      FROM dual;
    END;
/
ALTER TRIGGER "TRMSDB"."TRIG_DEPARTMENT_ID" ENABLE;
--------------------------------------------------------
--  DDL for Trigger TRIG_EMP_ID
--------------------------------------------------------

  CREATE OR REPLACE TRIGGER "TRMSDB"."TRIG_EMP_ID" 
    BEFORE INSERT ON employees
    FOR EACH ROW
    BEGIN
      SELECT seq_emp_id.NEXTVAL
      INTO :new.id
      FROM dual;
    END;
/
ALTER TRIGGER "TRMSDB"."TRIG_EMP_ID" ENABLE;
--------------------------------------------------------
--  DDL for Trigger TRIG_EVENT_TYPE_ID
--------------------------------------------------------

  CREATE OR REPLACE TRIGGER "TRMSDB"."TRIG_EVENT_TYPE_ID" 
    BEFORE INSERT ON event_type
    FOR EACH ROW
    BEGIN
      SELECT seq_event_type_id.NEXTVAL
      INTO :new.id
      FROM dual;
    END;
/
ALTER TRIGGER "TRMSDB"."TRIG_EVENT_TYPE_ID" ENABLE;
--------------------------------------------------------
--  DDL for Trigger TRIG_GRADE_FORMAT_ID
--------------------------------------------------------

  CREATE OR REPLACE TRIGGER "TRMSDB"."TRIG_GRADE_FORMAT_ID" 
    BEFORE INSERT ON grade_format
    FOR EACH ROW
    BEGIN
      SELECT seq_grade_format_id.NEXTVAL
      INTO :new.id
      FROM dual;
    END;
/
ALTER TRIGGER "TRMSDB"."TRIG_GRADE_FORMAT_ID" ENABLE;
--------------------------------------------------------
--  DDL for Trigger TRIG_LOGS_ID
--------------------------------------------------------

  CREATE OR REPLACE TRIGGER "TRMSDB"."TRIG_LOGS_ID" 
    BEFORE INSERT ON logs
    FOR EACH ROW
    BEGIN
      SELECT seq_logs_id.NEXTVAL
      INTO :new.id
      FROM dual;
    END;
/
ALTER TRIGGER "TRMSDB"."TRIG_LOGS_ID" ENABLE;
--------------------------------------------------------
--  DDL for Trigger TRIG_LOG_LEVEL_ID
--------------------------------------------------------

  CREATE OR REPLACE TRIGGER "TRMSDB"."TRIG_LOG_LEVEL_ID" 
    BEFORE INSERT ON log_level
    FOR EACH ROW
    BEGIN
      SELECT seq_log_level_id.NEXTVAL
      INTO :new.id
      FROM dual;
    END;
/
ALTER TRIGGER "TRMSDB"."TRIG_LOG_LEVEL_ID" ENABLE;
--------------------------------------------------------
--  DDL for Trigger TRIG_REIM_ATTACH_ID
--------------------------------------------------------

  CREATE OR REPLACE TRIGGER "TRMSDB"."TRIG_REIM_ATTACH_ID" 
    BEFORE INSERT ON reimbursement_attachments
    FOR EACH ROW
    BEGIN
      SELECT seq_reim_attach_id.NEXTVAL
      INTO :new.id
      FROM dual;
    END;
/
ALTER TRIGGER "TRMSDB"."TRIG_REIM_ATTACH_ID" ENABLE;
--------------------------------------------------------
--  DDL for Trigger TRIG_REIM_ATTACH_TYPE_ID
--------------------------------------------------------

  CREATE OR REPLACE TRIGGER "TRMSDB"."TRIG_REIM_ATTACH_TYPE_ID" 
    BEFORE INSERT ON reimbursement_attachment_type
    FOR EACH ROW
    BEGIN
      SELECT seq_reim_attach_type_id.NEXTVAL
      INTO :new.id
      FROM dual;
    END;
/
ALTER TRIGGER "TRMSDB"."TRIG_REIM_ATTACH_TYPE_ID" ENABLE;
--------------------------------------------------------
--  DDL for Trigger TRIG_REIM_GRADES_ID
--------------------------------------------------------

  CREATE OR REPLACE TRIGGER "TRMSDB"."TRIG_REIM_GRADES_ID" 
    BEFORE INSERT ON reimbursement_grades
    FOR EACH ROW
    BEGIN
      SELECT seq_reim_grades_id.NEXTVAL
      INTO :new.id
      FROM dual;
    END;
/
ALTER TRIGGER "TRMSDB"."TRIG_REIM_GRADES_ID" ENABLE;
--------------------------------------------------------
--  DDL for Trigger TRIG_REIM_ID
--------------------------------------------------------

  CREATE OR REPLACE TRIGGER "TRMSDB"."TRIG_REIM_ID" 
    BEFORE INSERT ON reimbursements
    FOR EACH ROW
    BEGIN
      SELECT seq_reim_id.NEXTVAL
      INTO :new.id
      FROM dual;
    END;
/
ALTER TRIGGER "TRMSDB"."TRIG_REIM_ID" ENABLE;
--------------------------------------------------------
--  DDL for Trigger TRIG_REIM_MESSAGES_ID
--------------------------------------------------------

  CREATE OR REPLACE TRIGGER "TRMSDB"."TRIG_REIM_MESSAGES_ID" 
    BEFORE INSERT ON reimbursement_messages
    FOR EACH ROW
    BEGIN
      SELECT seq_reim_messages_id.NEXTVAL
      INTO :new.id
      FROM dual;
    END;
/
ALTER TRIGGER "TRMSDB"."TRIG_REIM_MESSAGES_ID" ENABLE;
--------------------------------------------------------
--  DDL for Trigger TRIG_REIM_MSG_ATTACH_ID
--------------------------------------------------------

  CREATE OR REPLACE TRIGGER "TRMSDB"."TRIG_REIM_MSG_ATTACH_ID" 
    BEFORE INSERT ON message_attachments
    FOR EACH ROW
    BEGIN
      SELECT seq_reim_msg_attach_id.NEXTVAL
      INTO :new.id
      FROM dual;
    END;
/
ALTER TRIGGER "TRMSDB"."TRIG_REIM_MSG_ATTACH_ID" ENABLE;
--------------------------------------------------------
--  DDL for Trigger TRIG_REIM_STATUS_ID
--------------------------------------------------------

  CREATE OR REPLACE TRIGGER "TRMSDB"."TRIG_REIM_STATUS_ID" 
    BEFORE INSERT ON reimbursement_status
    FOR EACH ROW
    BEGIN
      SELECT seq_reim_status_id.NEXTVAL
      INTO :new.id
      FROM dual;
    END;
/
ALTER TRIGGER "TRMSDB"."TRIG_REIM_STATUS_ID" ENABLE;
--------------------------------------------------------
--  DDL for Trigger TRIG_ROLE_ID
--------------------------------------------------------

  CREATE OR REPLACE TRIGGER "TRMSDB"."TRIG_ROLE_ID" 
    BEFORE INSERT ON role
    FOR EACH ROW
    BEGIN
      SELECT seq_role_id.NEXTVAL
      INTO :new.id
      FROM dual;
    END;
/
ALTER TRIGGER "TRMSDB"."TRIG_ROLE_ID" ENABLE;
--------------------------------------------------------
--  DDL for Procedure INSERT_THEN_PEND_APPROVAL_IF
--------------------------------------------------------
set define off;

  CREATE OR REPLACE PROCEDURE "TRMSDB"."INSERT_THEN_PEND_APPROVAL_IF" (approver_id IN NUMBER, reimbursement_id IN NUMBER, reason IN VARCHAR2, approval_status_id IN NUMBER)
    IS
      approval_id NUMBER;
      reim_id NUMBER;
      supervisor_approval NUMBER;
      head_approval NUMBER;
      benco_approval NUMBER;
    BEGIN
      INSERT INTO Approvals (approver_id, reimbursement_id, reason, approval_status_id) VALUES (approver_id, reimbursement_id, reason, approval_status_id);      
      SELECT MAX(id) into approval_id FROM approvals; --get just inserted approval
      SELECT reimbursement_id INTO reim_id FROM approvals where id = approval_id;
      
      --SUPERVISOR
      SELECT COUNT(*) INTO supervisor_approval FROM approvals WHERE EXISTS (select * from approvals a1 inner join employees e1 on a1.approver_id = e1.id AND e1.role_id = 3 AND a1.reimbursement_id = reim_id);
      --HEAD
      SELECT COUNT(*) INTO head_approval FROM approvals WHERE EXISTS (select * from approvals a1 inner join employees e1 on a1.approver_id = e1.id AND e1.role_id = 2 AND a1.reimbursement_id = reim_id);
      --BENCO
      SELECT COUNT(*) INTO benco_approval FROM approvals WHERE EXISTS (select * from approvals a1 inner join employees e1 on a1.approver_id = e1.id AND e1.department_id = 5 AND a1.reimbursement_id = reim_id);
      
      IF (supervisor_approval > 0) THEN
        IF (head_approval > 0) THEN
          IF (benco_approval > 0) THEN
            UPDATE reimbursements SET status_id = 2 WHERE id = reim_id;
          END IF;
        END IF;
      ELSIF (head_approval > 0) THEN
        IF (benco_approval > 0) THEN
          UPDATE reimbursements SET status_id = 2 WHERE id = reim_id;
        END IF;
      END IF;
      
      commit;
    END;

/
--------------------------------------------------------
--  Constraints for Table ALTERED_REIMBURSEMENTS
--------------------------------------------------------

  ALTER TABLE "TRMSDB"."ALTERED_REIMBURSEMENTS" ADD CONSTRAINT "PK_ALTERED_REIMBURSEMENT" PRIMARY KEY ("REIMBURSEMENT_ID")
  USING INDEX PCTFREE 10 INITRANS 2 MAXTRANS 255 COMPUTE STATISTICS 
  STORAGE(INITIAL 65536 NEXT 1048576 MINEXTENTS 1 MAXEXTENTS 2147483645
  PCTINCREASE 0 FREELISTS 1 FREELIST GROUPS 1 BUFFER_POOL DEFAULT FLASH_CACHE DEFAULT CELL_FLASH_CACHE DEFAULT)
  TABLESPACE "SYSTEM"  ENABLE;
--------------------------------------------------------
--  Constraints for Table APPROVALS
--------------------------------------------------------

  ALTER TABLE "TRMSDB"."APPROVALS" ADD CONSTRAINT "PK_APPROVAL" PRIMARY KEY ("ID")
  USING INDEX PCTFREE 10 INITRANS 2 MAXTRANS 255 COMPUTE STATISTICS 
  STORAGE(INITIAL 65536 NEXT 1048576 MINEXTENTS 1 MAXEXTENTS 2147483645
  PCTINCREASE 0 FREELISTS 1 FREELIST GROUPS 1 BUFFER_POOL DEFAULT FLASH_CACHE DEFAULT CELL_FLASH_CACHE DEFAULT)
  TABLESPACE "SYSTEM"  ENABLE;
--------------------------------------------------------
--  Constraints for Table APPROVAL_STATUS
--------------------------------------------------------

  ALTER TABLE "TRMSDB"."APPROVAL_STATUS" ADD CONSTRAINT "PK_APPROVAL_STATUS" PRIMARY KEY ("ID")
  USING INDEX PCTFREE 10 INITRANS 2 MAXTRANS 255 COMPUTE STATISTICS 
  STORAGE(INITIAL 65536 NEXT 1048576 MINEXTENTS 1 MAXEXTENTS 2147483645
  PCTINCREASE 0 FREELISTS 1 FREELIST GROUPS 1 BUFFER_POOL DEFAULT FLASH_CACHE DEFAULT CELL_FLASH_CACHE DEFAULT)
  TABLESPACE "SYSTEM"  ENABLE;
--------------------------------------------------------
--  Constraints for Table DEPARTMENT
--------------------------------------------------------

  ALTER TABLE "TRMSDB"."DEPARTMENT" ADD CONSTRAINT "PK_DEPARTMENT" PRIMARY KEY ("ID")
  USING INDEX PCTFREE 10 INITRANS 2 MAXTRANS 255 COMPUTE STATISTICS 
  STORAGE(INITIAL 65536 NEXT 1048576 MINEXTENTS 1 MAXEXTENTS 2147483645
  PCTINCREASE 0 FREELISTS 1 FREELIST GROUPS 1 BUFFER_POOL DEFAULT FLASH_CACHE DEFAULT CELL_FLASH_CACHE DEFAULT)
  TABLESPACE "SYSTEM"  ENABLE;
--------------------------------------------------------
--  Constraints for Table EMPLOYEES
--------------------------------------------------------

  ALTER TABLE "TRMSDB"."EMPLOYEES" ADD CONSTRAINT "PK_EMPLOYEES" PRIMARY KEY ("ID")
  USING INDEX PCTFREE 10 INITRANS 2 MAXTRANS 255 COMPUTE STATISTICS 
  STORAGE(INITIAL 65536 NEXT 1048576 MINEXTENTS 1 MAXEXTENTS 2147483645
  PCTINCREASE 0 FREELISTS 1 FREELIST GROUPS 1 BUFFER_POOL DEFAULT FLASH_CACHE DEFAULT CELL_FLASH_CACHE DEFAULT)
  TABLESPACE "SYSTEM"  ENABLE;
  ALTER TABLE "TRMSDB"."EMPLOYEES" ADD UNIQUE ("USERNAME")
  USING INDEX PCTFREE 10 INITRANS 2 MAXTRANS 255 COMPUTE STATISTICS 
  STORAGE(INITIAL 65536 NEXT 1048576 MINEXTENTS 1 MAXEXTENTS 2147483645
  PCTINCREASE 0 FREELISTS 1 FREELIST GROUPS 1 BUFFER_POOL DEFAULT FLASH_CACHE DEFAULT CELL_FLASH_CACHE DEFAULT)
  TABLESPACE "SYSTEM"  ENABLE;
  ALTER TABLE "TRMSDB"."EMPLOYEES" MODIFY ("LAST_NAME" NOT NULL ENABLE);
  ALTER TABLE "TRMSDB"."EMPLOYEES" MODIFY ("FIRST_NAME" NOT NULL ENABLE);
  ALTER TABLE "TRMSDB"."EMPLOYEES" MODIFY ("EMAIL" NOT NULL ENABLE);
  ALTER TABLE "TRMSDB"."EMPLOYEES" MODIFY ("password" NOT NULL ENABLE);
  ALTER TABLE "TRMSDB"."EMPLOYEES" MODIFY ("USERNAME" NOT NULL ENABLE);
--------------------------------------------------------
--  Constraints for Table EVENT_TYPE
--------------------------------------------------------

  ALTER TABLE "TRMSDB"."EVENT_TYPE" ADD CONSTRAINT "PK_EVENT_TYPE" PRIMARY KEY ("ID")
  USING INDEX PCTFREE 10 INITRANS 2 MAXTRANS 255 COMPUTE STATISTICS 
  STORAGE(INITIAL 65536 NEXT 1048576 MINEXTENTS 1 MAXEXTENTS 2147483645
  PCTINCREASE 0 FREELISTS 1 FREELIST GROUPS 1 BUFFER_POOL DEFAULT FLASH_CACHE DEFAULT CELL_FLASH_CACHE DEFAULT)
  TABLESPACE "SYSTEM"  ENABLE;
--------------------------------------------------------
--  Constraints for Table GRADE_FORMAT
--------------------------------------------------------

  ALTER TABLE "TRMSDB"."GRADE_FORMAT" ADD CONSTRAINT "PK_GRADE_FORMAT" PRIMARY KEY ("ID")
  USING INDEX PCTFREE 10 INITRANS 2 MAXTRANS 255 COMPUTE STATISTICS 
  STORAGE(INITIAL 65536 NEXT 1048576 MINEXTENTS 1 MAXEXTENTS 2147483645
  PCTINCREASE 0 FREELISTS 1 FREELIST GROUPS 1 BUFFER_POOL DEFAULT FLASH_CACHE DEFAULT CELL_FLASH_CACHE DEFAULT)
  TABLESPACE "SYSTEM"  ENABLE;
--------------------------------------------------------
--  Constraints for Table LOGS
--------------------------------------------------------

  ALTER TABLE "TRMSDB"."LOGS" ADD CONSTRAINT "PK_LOG" PRIMARY KEY ("ID")
  USING INDEX PCTFREE 10 INITRANS 2 MAXTRANS 255 COMPUTE STATISTICS 
  STORAGE(INITIAL 65536 NEXT 1048576 MINEXTENTS 1 MAXEXTENTS 2147483645
  PCTINCREASE 0 FREELISTS 1 FREELIST GROUPS 1 BUFFER_POOL DEFAULT FLASH_CACHE DEFAULT CELL_FLASH_CACHE DEFAULT)
  TABLESPACE "SYSTEM"  ENABLE;
--------------------------------------------------------
--  Constraints for Table LOG_LEVEL
--------------------------------------------------------

  ALTER TABLE "TRMSDB"."LOG_LEVEL" ADD CONSTRAINT "PK_LOG_LEVEL" PRIMARY KEY ("ID")
  USING INDEX PCTFREE 10 INITRANS 2 MAXTRANS 255 COMPUTE STATISTICS 
  STORAGE(INITIAL 65536 NEXT 1048576 MINEXTENTS 1 MAXEXTENTS 2147483645
  PCTINCREASE 0 FREELISTS 1 FREELIST GROUPS 1 BUFFER_POOL DEFAULT FLASH_CACHE DEFAULT CELL_FLASH_CACHE DEFAULT)
  TABLESPACE "SYSTEM"  ENABLE;
--------------------------------------------------------
--  Constraints for Table MESSAGE_ATTACHMENTS
--------------------------------------------------------

  ALTER TABLE "TRMSDB"."MESSAGE_ATTACHMENTS" ADD CONSTRAINT "PK_REIM_MSG_ATTACH" PRIMARY KEY ("ID")
  USING INDEX PCTFREE 10 INITRANS 2 MAXTRANS 255 COMPUTE STATISTICS 
  STORAGE(INITIAL 65536 NEXT 1048576 MINEXTENTS 1 MAXEXTENTS 2147483645
  PCTINCREASE 0 FREELISTS 1 FREELIST GROUPS 1 BUFFER_POOL DEFAULT FLASH_CACHE DEFAULT CELL_FLASH_CACHE DEFAULT)
  TABLESPACE "SYSTEM"  ENABLE;
--------------------------------------------------------
--  Constraints for Table REIMBURSEMENTS
--------------------------------------------------------

  ALTER TABLE "TRMSDB"."REIMBURSEMENTS" MODIFY ("DATETIMECREATED" NOT NULL ENABLE);
  ALTER TABLE "TRMSDB"."REIMBURSEMENTS" ADD CONSTRAINT "PK_REIMBURSEMENTS" PRIMARY KEY ("ID")
  USING INDEX PCTFREE 10 INITRANS 2 MAXTRANS 255 COMPUTE STATISTICS 
  STORAGE(INITIAL 65536 NEXT 1048576 MINEXTENTS 1 MAXEXTENTS 2147483645
  PCTINCREASE 0 FREELISTS 1 FREELIST GROUPS 1 BUFFER_POOL DEFAULT FLASH_CACHE DEFAULT CELL_FLASH_CACHE DEFAULT)
  TABLESPACE "SYSTEM"  ENABLE;
--------------------------------------------------------
--  Constraints for Table REIMBURSEMENT_ATTACHMENTS
--------------------------------------------------------

  ALTER TABLE "TRMSDB"."REIMBURSEMENT_ATTACHMENTS" ADD CONSTRAINT "PK_REIM_ATTACHMENTS" PRIMARY KEY ("ID")
  USING INDEX PCTFREE 10 INITRANS 2 MAXTRANS 255 COMPUTE STATISTICS 
  STORAGE(INITIAL 65536 NEXT 1048576 MINEXTENTS 1 MAXEXTENTS 2147483645
  PCTINCREASE 0 FREELISTS 1 FREELIST GROUPS 1 BUFFER_POOL DEFAULT FLASH_CACHE DEFAULT CELL_FLASH_CACHE DEFAULT)
  TABLESPACE "SYSTEM"  ENABLE;
--------------------------------------------------------
--  Constraints for Table REIMBURSEMENT_ATTACHMENT_TYPE
--------------------------------------------------------

  ALTER TABLE "TRMSDB"."REIMBURSEMENT_ATTACHMENT_TYPE" ADD CONSTRAINT "PK_REIM_ATTACH_TYPE" PRIMARY KEY ("ID")
  USING INDEX PCTFREE 10 INITRANS 2 MAXTRANS 255 COMPUTE STATISTICS 
  STORAGE(INITIAL 65536 NEXT 1048576 MINEXTENTS 1 MAXEXTENTS 2147483645
  PCTINCREASE 0 FREELISTS 1 FREELIST GROUPS 1 BUFFER_POOL DEFAULT FLASH_CACHE DEFAULT CELL_FLASH_CACHE DEFAULT)
  TABLESPACE "SYSTEM"  ENABLE;
--------------------------------------------------------
--  Constraints for Table REIMBURSEMENT_GRADES
--------------------------------------------------------

  ALTER TABLE "TRMSDB"."REIMBURSEMENT_GRADES" ADD CONSTRAINT "PK_REIMBURSEMENT_GRADES" PRIMARY KEY ("ID")
  USING INDEX PCTFREE 10 INITRANS 2 MAXTRANS 255 COMPUTE STATISTICS 
  STORAGE(INITIAL 65536 NEXT 1048576 MINEXTENTS 1 MAXEXTENTS 2147483645
  PCTINCREASE 0 FREELISTS 1 FREELIST GROUPS 1 BUFFER_POOL DEFAULT FLASH_CACHE DEFAULT CELL_FLASH_CACHE DEFAULT)
  TABLESPACE "SYSTEM"  ENABLE;
--------------------------------------------------------
--  Constraints for Table REIMBURSEMENT_MESSAGES
--------------------------------------------------------

  ALTER TABLE "TRMSDB"."REIMBURSEMENT_MESSAGES" ADD CONSTRAINT "PK_REIM_MESSAGE" PRIMARY KEY ("ID")
  USING INDEX PCTFREE 10 INITRANS 2 MAXTRANS 255 COMPUTE STATISTICS 
  STORAGE(INITIAL 65536 NEXT 1048576 MINEXTENTS 1 MAXEXTENTS 2147483645
  PCTINCREASE 0 FREELISTS 1 FREELIST GROUPS 1 BUFFER_POOL DEFAULT FLASH_CACHE DEFAULT CELL_FLASH_CACHE DEFAULT)
  TABLESPACE "SYSTEM"  ENABLE;
--------------------------------------------------------
--  Constraints for Table REIMBURSEMENT_STATUS
--------------------------------------------------------

  ALTER TABLE "TRMSDB"."REIMBURSEMENT_STATUS" ADD CONSTRAINT "PK_REIMBURSEMENT_STATUS" PRIMARY KEY ("ID")
  USING INDEX PCTFREE 10 INITRANS 2 MAXTRANS 255 COMPUTE STATISTICS 
  STORAGE(INITIAL 65536 NEXT 1048576 MINEXTENTS 1 MAXEXTENTS 2147483645
  PCTINCREASE 0 FREELISTS 1 FREELIST GROUPS 1 BUFFER_POOL DEFAULT FLASH_CACHE DEFAULT CELL_FLASH_CACHE DEFAULT)
  TABLESPACE "SYSTEM"  ENABLE;
--------------------------------------------------------
--  Constraints for Table ROLE
--------------------------------------------------------

  ALTER TABLE "TRMSDB"."ROLE" ADD CONSTRAINT "PK_ROLE" PRIMARY KEY ("ID")
  USING INDEX PCTFREE 10 INITRANS 2 MAXTRANS 255 COMPUTE STATISTICS 
  STORAGE(INITIAL 65536 NEXT 1048576 MINEXTENTS 1 MAXEXTENTS 2147483645
  PCTINCREASE 0 FREELISTS 1 FREELIST GROUPS 1 BUFFER_POOL DEFAULT FLASH_CACHE DEFAULT CELL_FLASH_CACHE DEFAULT)
  TABLESPACE "SYSTEM"  ENABLE;
--------------------------------------------------------
--  Constraints for Table URGENT_REIMBURSEMENTS
--------------------------------------------------------

  ALTER TABLE "TRMSDB"."URGENT_REIMBURSEMENTS" ADD CONSTRAINT "PK_URGENT_REIMBURSEMENT" PRIMARY KEY ("REIMBURSEMENT_ID")
  USING INDEX PCTFREE 10 INITRANS 2 MAXTRANS 255 COMPUTE STATISTICS 
  STORAGE(INITIAL 65536 NEXT 1048576 MINEXTENTS 1 MAXEXTENTS 2147483645
  PCTINCREASE 0 FREELISTS 1 FREELIST GROUPS 1 BUFFER_POOL DEFAULT FLASH_CACHE DEFAULT CELL_FLASH_CACHE DEFAULT)
  TABLESPACE "SYSTEM"  ENABLE;
--------------------------------------------------------
--  Ref Constraints for Table ALTERED_REIMBURSEMENTS
--------------------------------------------------------

  ALTER TABLE "TRMSDB"."ALTERED_REIMBURSEMENTS" ADD CONSTRAINT "FK_ALTERED_REIMBURSEMENT" FOREIGN KEY ("REIMBURSEMENT_ID")
	  REFERENCES "TRMSDB"."REIMBURSEMENTS" ("ID") ENABLE;
--------------------------------------------------------
--  Ref Constraints for Table APPROVALS
--------------------------------------------------------

  ALTER TABLE "TRMSDB"."APPROVALS" ADD CONSTRAINT "FK_APPROVALS_APPROVER" FOREIGN KEY ("APPROVER_ID")
	  REFERENCES "TRMSDB"."EMPLOYEES" ("ID") ENABLE;
  ALTER TABLE "TRMSDB"."APPROVALS" ADD CONSTRAINT "FK_APPROVALS_REIMBURSEMENT" FOREIGN KEY ("REIMBURSEMENT_ID")
	  REFERENCES "TRMSDB"."REIMBURSEMENTS" ("ID") ENABLE;
  ALTER TABLE "TRMSDB"."APPROVALS" ADD CONSTRAINT "FK_APPROVALS_STATUS" FOREIGN KEY ("APPROVAL_STATUS_ID")
	  REFERENCES "TRMSDB"."APPROVAL_STATUS" ("ID") ENABLE;
--------------------------------------------------------
--  Ref Constraints for Table EMPLOYEES
--------------------------------------------------------

  ALTER TABLE "TRMSDB"."EMPLOYEES" ADD CONSTRAINT "FK_EMPLOYEES_DEPARTMENT" FOREIGN KEY ("DEPARTMENT_ID")
	  REFERENCES "TRMSDB"."DEPARTMENT" ("ID") ENABLE;
  ALTER TABLE "TRMSDB"."EMPLOYEES" ADD CONSTRAINT "FK_EMPLOYEES_ROLE" FOREIGN KEY ("ROLE_ID")
	  REFERENCES "TRMSDB"."ROLE" ("ID") ENABLE;
  ALTER TABLE "TRMSDB"."EMPLOYEES" ADD CONSTRAINT "FK_EMPLOYEES_SUPERVISOR" FOREIGN KEY ("SUPERVISOR_ID")
	  REFERENCES "TRMSDB"."EMPLOYEES" ("ID") ENABLE;
--------------------------------------------------------
--  Ref Constraints for Table LOGS
--------------------------------------------------------

  ALTER TABLE "TRMSDB"."LOGS" ADD CONSTRAINT "FK_LOGS_LOG_LEVEL" FOREIGN KEY ("LOG_LEVEL_ID")
	  REFERENCES "TRMSDB"."LOG_LEVEL" ("ID") ENABLE;
--------------------------------------------------------
--  Ref Constraints for Table MESSAGE_ATTACHMENTS
--------------------------------------------------------

  ALTER TABLE "TRMSDB"."MESSAGE_ATTACHMENTS" ADD CONSTRAINT "FK_REIM_MSG_ATTACH_MSG" FOREIGN KEY ("MESSAGE_ID")
	  REFERENCES "TRMSDB"."REIMBURSEMENT_MESSAGES" ("ID") ENABLE;
--------------------------------------------------------
--  Ref Constraints for Table REIMBURSEMENTS
--------------------------------------------------------

  ALTER TABLE "TRMSDB"."REIMBURSEMENTS" ADD CONSTRAINT "FK_REIMBURSEMENTS_EMPLOYEE" FOREIGN KEY ("EMPLOYEE_ID")
	  REFERENCES "TRMSDB"."EMPLOYEES" ("ID") ENABLE;
  ALTER TABLE "TRMSDB"."REIMBURSEMENTS" ADD CONSTRAINT "FK_REIMBURSEMENTS_EVENT_TYPE" FOREIGN KEY ("EVENT_TYPE_ID")
	  REFERENCES "TRMSDB"."EVENT_TYPE" ("ID") ENABLE;
  ALTER TABLE "TRMSDB"."REIMBURSEMENTS" ADD CONSTRAINT "FK_REIMBURSEMENTS_GRADE" FOREIGN KEY ("GRADE_ID")
	  REFERENCES "TRMSDB"."REIMBURSEMENT_GRADES" ("ID") ENABLE;
  ALTER TABLE "TRMSDB"."REIMBURSEMENTS" ADD CONSTRAINT "FK_REIMBURSEMENTS_GRADE_FORMAT" FOREIGN KEY ("GRADE_FORMAT_ID")
	  REFERENCES "TRMSDB"."GRADE_FORMAT" ("ID") ENABLE;
--------------------------------------------------------
--  Ref Constraints for Table REIMBURSEMENT_ATTACHMENTS
--------------------------------------------------------

  ALTER TABLE "TRMSDB"."REIMBURSEMENT_ATTACHMENTS" ADD CONSTRAINT "FK_REIM_ATTACHMENTS_REIM" FOREIGN KEY ("REIMBURSEMENT_ID")
	  REFERENCES "TRMSDB"."REIMBURSEMENTS" ("ID") ENABLE;
  ALTER TABLE "TRMSDB"."REIMBURSEMENT_ATTACHMENTS" ADD CONSTRAINT "FK_REIM_ATTACH_ATTACH_TYPE" FOREIGN KEY ("ATTACHMENT_TYPE_ID")
	  REFERENCES "TRMSDB"."REIMBURSEMENT_ATTACHMENT_TYPE" ("ID") ENABLE;
--------------------------------------------------------
--  Ref Constraints for Table REIMBURSEMENT_MESSAGES
--------------------------------------------------------

  ALTER TABLE "TRMSDB"."REIMBURSEMENT_MESSAGES" ADD CONSTRAINT "FK_REIM_MESSAGES_REIM" FOREIGN KEY ("REIMBURSEMENT_ID")
	  REFERENCES "TRMSDB"."REIMBURSEMENTS" ("ID") ENABLE;
  ALTER TABLE "TRMSDB"."REIMBURSEMENT_MESSAGES" ADD CONSTRAINT "FK_REIM_MSGS_PREV_MSGS" FOREIGN KEY ("PREVIOUS_MESSAGE_ID")
	  REFERENCES "TRMSDB"."REIMBURSEMENT_MESSAGES" ("ID") ENABLE;
  ALTER TABLE "TRMSDB"."REIMBURSEMENT_MESSAGES" ADD CONSTRAINT "FK_REIM_MSGS_RECEIVER" FOREIGN KEY ("RECEIVER_ID")
	  REFERENCES "TRMSDB"."EMPLOYEES" ("ID") ENABLE;
  ALTER TABLE "TRMSDB"."REIMBURSEMENT_MESSAGES" ADD CONSTRAINT "FK_REIM_MSGS_SENDER" FOREIGN KEY ("SENDER_ID")
	  REFERENCES "TRMSDB"."EMPLOYEES" ("ID") ENABLE;
--------------------------------------------------------
--  Ref Constraints for Table URGENT_REIMBURSEMENTS
--------------------------------------------------------

  ALTER TABLE "TRMSDB"."URGENT_REIMBURSEMENTS" ADD CONSTRAINT "FK_URGENT_REIMBURSEMENT" FOREIGN KEY ("REIMBURSEMENT_ID")
	  REFERENCES "TRMSDB"."REIMBURSEMENTS" ("ID") ENABLE;
